seq_id,project_id,sample_id,replicat,kit,soil_type,ext_method,ext_instrument,rpm,time_seconds,time_minutes,sample_weight_mg,sample_target,ext_position,ext_plate,lib_position,lib_plate,lib_conc,conc_nanodrop,260/280,260/230,conc_qubit,integrity,library_id,lib_volume,experiment
MQ200131-1,MFD004,MFD004-1,01,FastSpin,Organic,Bead Beating,Fastprep-24,6 m/s,160,2.67,130.1,125,Tube,Tube,A1,LJ004-Plate 1,17.70,418.37,1.58,0.45,97.15,Not measured,LIB-MFD004-1-FastSpin-01,Small-scale,Benchmarking
MQ200131-2,MFD004,MFD004-1,02,FastSpin,Organic,Bead Beating,Fastprep-24,6 m/s,160,2.67,123.2,125,Tube,Tube,B1,LJ004-Plate 1,0.06,348.73,1.57,0.31,47.79,Not measured,LIB-MFD004-1-FastSpin-02,Small-scale,Benchmarking
MQ200131-3,MFD004,MFD004-1,03,FastSpin,Organic,Bead Beating,Fastprep-24,6 m/s,160,2.67,128.5,125,Tube,Tube,C1,LJ004-Plate 1,0.05,378.99,1.54,0.38,47.52,Not measured,LIB-MFD004-1-FastSpin-03,Small-scale,Benchmarking
MQ200131-4,MFD004,MFD004-2,01,FastSpin,Sand-Clay,Bead Beating,Fastprep-24,6 m/s,160,2.67,121,125,Tube,Tube,D1,LJ004-Plate 1,17.70,294.03,1.56,0.23,46.67,Not measured,LIB-MFD004-2-FastSpin-01,Small-scale,Benchmarking
MQ200131-5,MFD004,MFD004-2,02,FastSpin,Sand-Clay,Bead Beating,Fastprep-24,6 m/s,160,2.67,128.6,125,Tube,Tube,E1,LJ004-Plate 1,17.10,364.75,1.51,0.30,48.27,Not measured,LIB-MFD004-2-FastSpin-02,Small-scale,Benchmarking
MQ200131-6,MFD004,MFD004-2,03,FastSpin,Sand-Clay,Bead Beating,Fastprep-24,6 m/s,160,2.67,121.7,125,Tube,Tube,F1,LJ004-Plate 1,21.00,296.51,1.53,0.24,46.45,Not measured,LIB-MFD004-2-FastSpin-03,Small-scale,Benchmarking
MQ200131-7,MFD004,MFD004-3,01,FastSpin,Sand,Bead Beating,Fastprep-24,6 m/s,160,2.67,128,125,Tube,Tube,G1,LJ004-Plate 1,18.29,189.59,1.66,0.15,44.80,Not measured,LIB-MFD004-3-FastSpin-01,Small-scale,Benchmarking
MQ200131-8,MFD004,MFD004-3,02,FastSpin,Sand,Bead Beating,Fastprep-24,6 m/s,160,2.67,120.8,125,Tube,Tube,H1,LJ004-Plate 1,16.54,186.27,1.59,0.17,30.68,Not measured,LIB-MFD004-3-FastSpin-02,Small-scale,Benchmarking
MQ200131-9,MFD004,MFD004-3,03,FastSpin,Sand,Bead Beating,Fastprep-24,6 m/s,160,2.67,121.5,125,Tube,Tube,A2,LJ004-Plate 1,19.00,97.73,1.62,0.09,24.02,Not measured,LIB-MFD004-3-FastSpin-03,Small-scale,Benchmarking
MQ200131-10,MFD004,MFD004-4,01,FastSpin,Clay,Bead Beating,Fastprep-24,6 m/s,160,2.67,128.7,125,Tube,Tube,B2,LJ004-Plate 1,0.03,324.10,1.79,0.25,206.00,Not measured,LIB-MFD004-4-FastSpin-01,Small-scale,Benchmarking
MQ200131-11,MFD004,MFD004-4,02,FastSpin,Clay,Bead Beating,Fastprep-24,6 m/s,160,2.67,127.7,125,Tube,Tube,C2,LJ004-Plate 1,22.24,334.53,1.75,0.26,215.00,Not measured,LIB-MFD004-4-FastSpin-02,Small-scale,Benchmarking
MQ200131-12,MFD004,MFD004-4,03,FastSpin,Clay,Bead Beating,Fastprep-24,6 m/s,160,2.67,134.3,125,Tube,Tube,D2,LJ004-Plate 1,16.01,353.78,1.71,0.27,211.00,Not measured,LIB-MFD004-4-FastSpin-03,Small-scale,Benchmarking
MQ200131-13,MFD004,MFD004-5,01,FastSpin,Beach Sand,Bead Beating,Fastprep-24,6 m/s,160,2.67,129,125,Tube,Tube,E2,LJ004-Plate 1,1.41,20.94,1.88,0.02,5.24,Not measured,LIB-MFD004-5-FastSpin-01,Small-scale,Benchmarking
MQ200131-14,MFD004,MFD004-5,02,FastSpin,Beach Sand,Bead Beating,Fastprep-24,6 m/s,160,2.67,123.4,125,Tube,Tube,F2,LJ004-Plate 1,21.53,21.30,2.00,0.02,5.58,Not measured,LIB-MFD004-5-FastSpin-02,Small-scale,Benchmarking
MQ200131-15,MFD004,MFD004-5,03,FastSpin,Beach Sand,Bead Beating,Fastprep-24,6 m/s,160,2.67,126.3,125,Tube,Tube,G2,LJ004-Plate 1,19.93,21.57,1.82,0.02,6.02,Not measured,LIB-MFD004-5-FastSpin-03,Small-scale,Benchmarking
MQ200131-16,MFD004,MFD004-AS,01,FastSpin,Activated sludge,Bead Beating,Fastprep-24,6 m/s,160,2.67,0.6,0.6,Tube,Tube,H2,LJ004-Plate 1,19.15,121.29,1.90,0.11,101.05,Not measured,LIB-MFD004-AS-FastSpin-01,Small-scale,Benchmarking
MQ200131-17,MFD004,MFD004-AS,02,FastSpin,Activated sludge,Bead Beating,Fastprep-24,6 m/s,160,2.67,0.6,0.6,Tube,Tube,A3,LJ004-Plate 1,21.67,117.60,1.87,0.16,94.54,Not measured,LIB-MFD004-AS-FastSpin-02,Small-scale,Benchmarking
MQ200131-18,MFD004,MFD004-AS,03,FastSpin,Activated sludge,Bead Beating,Fastprep-24,6 m/s,160,2.67,0.6,0.6,Tube,Tube,B3,LJ004-Plate 1,21.16,114.64,1.89,0.10,87.66,Not measured,LIB-MFD004-AS-FastSpin-03,Small-scale,Benchmarking
MQ200131-19,MFD004,BLANK,01,FastSpin,Blank,Bead Beating,Fastprep-24,6 m/s,160,2.67,0,0,Tube,Tube,C3,LJ004-Plate 1,0.04,11.60,2.09,0.01,0.01,Not measured,LIB-BLANK-FastSpin-01,Small-scale,Benchmarking
MQ200131-20,MFD004,MFD004-1,01,PowerSoil,Organic,Vortex,VortexGenie,Full speed,1200,20,129.9,125,Tube,Tube,D3,LJ004-Plate 1,20.30,63.10,1.87,1.89,50.63,Not measured,LIB-MFD004-1-PowerSoil-01,Small-scale,Benchmarking
MQ200131-21,MFD004,MFD004-1,02,PowerSoil,Organic,Vortex,VortexGenie,Full speed,1200,20,130.4,125,Tube,Tube,E3,LJ004-Plate 1,22.30,65.24,1.88,1.86,47.23,Not measured,LIB-MFD004-1-PowerSoil-02,Small-scale,Benchmarking
MQ200131-22,MFD004,MFD004-1,03,PowerSoil,Organic,Vortex,VortexGenie,Full speed,1200,20,118.6,125,Tube,Tube,F3,LJ004-Plate 1,19.66,54.82,1.87,1.92,43.27,Not measured,LIB-MFD004-1-PowerSoil-03,Small-scale,Benchmarking
MQ200131-23,MFD004,MFD004-2,01,PowerSoil,Sand-Clay,Vortex,VortexGenie,Full speed,1200,20,119.3,125,Tube,Tube,G3,LJ004-Plate 1,18.23,25.44,1.78,1.49,17.48,Not measured,LIB-MFD004-2-PowerSoil-01,Small-scale,Benchmarking
MQ200131-24,MFD004,MFD004-2,02,PowerSoil,Sand-Clay,Vortex,VortexGenie,Full speed,1200,20,129.2,125,Tube,Tube,H3,LJ004-Plate 1,18.26,24.66,1.76,1.37,17.76,Not measured,LIB-MFD004-2-PowerSoil-02,Small-scale,Benchmarking
MQ200131-25,MFD004,MFD004-2,03,PowerSoil,Sand-Clay,Vortex,VortexGenie,Full speed,1200,20,130.6,125,Tube,Tube,A4,LJ004-Plate 1,21.77,24.90,1.81,1.58,19.17,Not measured,LIB-MFD004-2-PowerSoil-03,Small-scale,Benchmarking
MQ200131-26,MFD004,MFD004-3,01,PowerSoil,Sand,Vortex,VortexGenie,Full speed,1200,20,121.5,125,Tube,Tube,B4,LJ004-Plate 1,21.58,19.41,1.78,1.50,12.95,Not measured,LIB-MFD004-3-PowerSoil-01,Small-scale,Benchmarking
MQ200131-27,MFD004,MFD004-3,02,PowerSoil,Sand,Vortex,VortexGenie,Full speed,1200,20,123.3,125,Tube,Tube,C4,LJ004-Plate 1,24.22,20.33,1.72,1.23,12.52,Not measured,LIB-MFD004-3-PowerSoil-02,Small-scale,Benchmarking
MQ200131-28,MFD004,MFD004-3,03,PowerSoil,Sand,Vortex,VortexGenie,Full speed,1200,20,131.2,125,Tube,Tube,D4,LJ004-Plate 1,19.90,18.17,1.83,1.56,13.08,Not measured,LIB-MFD004-3-PowerSoil-03,Small-scale,Benchmarking
MQ200131-29,MFD004,MFD004-4,01,PowerSoil,Clay,Vortex,VortexGenie,Full speed,1200,20,125.7,125,Tube,Tube,E4,LJ004-Plate 1,19.44,57.36,1.89,1.95,46.77,Not measured,LIB-MFD004-4-PowerSoil-01,Small-scale,Benchmarking
MQ200131-30,MFD004,MFD004-4,02,PowerSoil,Clay,Vortex,VortexGenie,Full speed,1200,20,127.7,125,Tube,Tube,F4,LJ004-Plate 1,21.37,64.88,1.89,1.94,54.19,Not measured,LIB-MFD004-4-PowerSoil-02,Small-scale,Benchmarking
MQ200131-31,MFD004,MFD004-4,03,PowerSoil,Clay,Vortex,VortexGenie,Full speed,1200,20,121.1,125,Tube,Tube,G4,LJ004-Plate 1,20.10,58.89,1.87,1.95,48.39,Not measured,LIB-MFD004-4-PowerSoil-03,Small-scale,Benchmarking
MQ200131-32,MFD004,MFD004-5,01,PowerSoil,Beach Sand,Vortex,VortexGenie,Full speed,1200,20,128.4,125,Tube,Tube,H4,LJ004-Plate 1,28.89,3.45,1.66,0.92,1.56,Not measured,LIB-MFD004-5-PowerSoil-01,Small-scale,Benchmarking
MQ200131-33,MFD004,MFD004-5,02,PowerSoil,Beach Sand,Vortex,VortexGenie,Full speed,1200,20,125.3,125,Tube,Tube,A5,LJ004-Plate 1,23.85,4.01,1.47,0.63,1.28,Not measured,LIB-MFD004-5-PowerSoil-02,Small-scale,Benchmarking
MQ200131-34,MFD004,MFD004-5,03,PowerSoil,Beach Sand,Vortex,VortexGenie,Full speed,1200,20,129.5,125,Tube,Tube,B5,LJ004-Plate 1,25.13,2.72,1.31,0.55,1.56,Not measured,LIB-MFD004-5-PowerSoil-03,Small-scale,Benchmarking
MQ200131-35,MFD004,MFD004-AS,01,PowerSoil,Activated sludge,Vortex,VortexGenie,Full speed,1200,20,0.6,0.6,Tube,Tube,C5,LJ004-Plate 1,26.23,30.66,1.84,1.88,25.00,Not measured,LIB-MFD004-AS-PowerSoil-01,Small-scale,Benchmarking
MQ200131-36,MFD004,MFD004-AS,02,PowerSoil,Activated sludge,Vortex,VortexGenie,Full speed,1200,20,0.6,0.6,Tube,Tube,D5,LJ004-Plate 1,24.38,26.55,1.85,1.90,22.85,Not measured,LIB-MFD004-AS-PowerSoil-02,Small-scale,Benchmarking
MQ200131-37,MFD004,MFD004-AS,03,PowerSoil,Activated sludge,Vortex,VortexGenie,Full speed,1200,20,0.6,0.6,Tube,Tube,E5,LJ004-Plate 1,18.71,31.73,1.87,1.81,28.40,Not measured,LIB-MFD004-AS-PowerSoil-03,Small-scale,Benchmarking
MQ200131-38,MFD004,BLANK,01,PowerSoil,Blank,Vortex,VortexGenie,Full speed,1200,20,0,0,Tube,Tube,F5,LJ004-Plate 1,0.07,1.39,1.02,0.49,0.01,Not measured,LIB-BLANK-PowerSoil-01,Small-scale,Benchmarking
MQ200131-39,MFD004,MFD004-1,01,ZymoMagbead HT,Organic,Bead Beating,Fastprep-96,1800,360,6,131.9,125,Tube,Tube,G5,LJ004-Plate 1,0.04,8.48,1.40,0.07,0.62,Not measured,LIB-MFD004-1-ZymoMagbead HT-01,Small-scale,Benchmarking
MQ200131-40,MFD004,MFD004-1,02,ZymoMagbead HT,Organic,Bead Beating,Fastprep-96,1800,360,6,120.5,125,Tube,Tube,H5,LJ004-Plate 1,21.51,39.55,1.83,0.06,2.60,Not measured,LIB-MFD004-1-ZymoMagbead HT-02,Small-scale,Benchmarking
MQ200131-41,MFD004,MFD004-1,03,ZymoMagbead HT,Organic,Bead Beating,Fastprep-96,1800,360,6,122.6,125,Tube,Tube,A6,LJ004-Plate 1,0.04,41.53,1.42,0.05,0.51,Not measured,LIB-MFD004-1-ZymoMagbead HT-03,Small-scale,Benchmarking
MQ200131-42,MFD004,MFD004-2,01,ZymoMagbead HT,Sand-Clay,Bead Beating,Fastprep-96,1800,360,6,129.3,125,Tube,Tube,B6,LJ004-Plate 1,18.50,18.99,1.46,0.02,0.43,Not measured,LIB-MFD004-2-ZymoMagbead HT-01,Small-scale,Benchmarking
MQ200131-43,MFD004,MFD004-2,02,ZymoMagbead HT,Sand-Clay,Bead Beating,Fastprep-96,1800,360,6,126.6,125,Tube,Tube,C6,LJ004-Plate 1,4.33,38.21,1.25,0.04,0.48,Not measured,LIB-MFD004-2-ZymoMagbead HT-02,Small-scale,Benchmarking
MQ200131-44,MFD004,MFD004-2,03,ZymoMagbead HT,Sand-Clay,Bead Beating,Fastprep-96,1800,360,6,123.6,125,Tube,Tube,D6,LJ004-Plate 1,10.58,15.33,1.44,0.02,0.64,Not measured,LIB-MFD004-2-ZymoMagbead HT-03,Small-scale,Benchmarking
MQ200131-45,MFD004,MFD004-3,01,ZymoMagbead HT,Sand,Bead Beating,Fastprep-96,1800,360,6,130,125,Tube,Tube,E6,LJ004-Plate 1,17.15,26.27,1.56,0.02,8.23,Not measured,LIB-MFD004-3-ZymoMagbead HT-01,Small-scale,Benchmarking
MQ200131-46,MFD004,MFD004-3,02,ZymoMagbead HT,Sand,Bead Beating,Fastprep-96,1800,360,6,129.5,125,Tube,Tube,F6,LJ004-Plate 1,23.35,16.69,1.73,0.04,3.99,Not measured,LIB-MFD004-3-ZymoMagbead HT-02,Small-scale,Benchmarking
MQ200131-47,MFD004,MFD004-3,03,ZymoMagbead HT,Sand,Bead Beating,Fastprep-96,1800,360,6,130.1,125,Tube,Tube,G6,LJ004-Plate 1,22.62,21.03,1.75,0.02,8.19,Not measured,LIB-MFD004-3-ZymoMagbead HT-03,Small-scale,Benchmarking
MQ200131-48,MFD004,MFD004-4,01,ZymoMagbead HT,Clay,Bead Beating,Fastprep-96,1800,360,6,119.5,125,Tube,Tube,H6,LJ004-Plate 1,23.60,35.54,1.52,0.03,12.99,Not measured,LIB-MFD004-4-ZymoMagbead HT-01,Small-scale,Benchmarking
MQ200131-49,MFD004,MFD004-4,02,ZymoMagbead HT,Clay,Bead Beating,Fastprep-96,1800,360,6,116.4,125,Tube,Tube,A7,LJ004-Plate 1,22.90,50.11,1.60,0.05,21.68,Not measured,LIB-MFD004-4-ZymoMagbead HT-02,Small-scale,Benchmarking
MQ200131-50,MFD004,MFD004-4,03,ZymoMagbead HT,Clay,Bead Beating,Fastprep-96,1800,360,6,123.1,125,Tube,Tube,B7,LJ004-Plate 1,21.54,18.79,1.84,0.14,19.18,Not measured,LIB-MFD004-4-ZymoMagbead HT-03,Small-scale,Benchmarking
MQ200131-51,MFD004,MFD004-5,01,ZymoMagbead HT,Beach Sand,Bead Beating,Fastprep-96,1800,360,6,131.8,125,Tube,Tube,C7,LJ004-Plate 1,19.24,8.08,1.78,0.01,1.56,Not measured,LIB-MFD004-5-ZymoMagbead HT-01,Small-scale,Benchmarking
MQ200131-52,MFD004,MFD004-5,02,ZymoMagbead HT,Beach Sand,Bead Beating,Fastprep-96,1800,360,6,134.6,125,Tube,Tube,D7,LJ004-Plate 1,21.07,27.23,1.39,0.03,1.73,Not measured,LIB-MFD004-5-ZymoMagbead HT-02,Small-scale,Benchmarking
MQ200131-53,MFD004,MFD004-5,03,ZymoMagbead HT,Beach Sand,Bead Beating,Fastprep-96,1800,360,6,117.7,125,Tube,Tube,E7,LJ004-Plate 1,18.03,32.18,1.16,0.04,2.35,Not measured,LIB-MFD004-5-ZymoMagbead HT-03,Small-scale,Benchmarking
MQ200131-54,MFD004,MFD004-AS,01,ZymoMagbead HT,Activated sludge,Bead Beating,Fastprep-96,1800,360,6,0.6,0.6,Tube,Tube,F7,LJ004-Plate 1,21.46,21.74,1.88,0.07,12.60,Not measured,LIB-MFD004-AS-ZymoMagbead HT-01,Small-scale,Benchmarking
MQ200131-55,MFD004,MFD004-AS,02,ZymoMagbead HT,Activated sludge,Bead Beating,Fastprep-96,1800,360,6,0.6,0.6,Tube,Tube,G7,LJ004-Plate 1,20.05,23.87,1.87,0.10,13.75,Not measured,LIB-MFD004-AS-ZymoMagbead HT-02,Small-scale,Benchmarking
MQ200131-56,MFD004,MFD004-AS,03,ZymoMagbead HT,Activated sludge,Bead Beating,Fastprep-96,1800,360,6,0.6,0.6,Tube,Tube,H7,LJ004-Plate 1,29.03,24.11,1.86,0.08,20.49,Not measured,LIB-MFD004-AS-ZymoMagbead HT-03,Small-scale,Benchmarking
MQ200131-57,MFD004,BLANK,01,ZymoMagbead HT,Blank,Bead Beating,Fastprep-96,1800,360,6,0,0,Tube,Tube,A8,LJ004-Plate 1,0.88,4.38,1.57,0.01,0.01,Not measured,LIB-BLANK-ZymoMagbead HT-01,Small-scale,Benchmarking
MQ200131-58,,Plate1-PCR-NEG,01,,PCR-NEG,,,,,,,,,,B8,LJ004-Plate 1,0.05,,,,,,LIB-Plate1-PCR-NEG-01,Small-scale,Benchmarking
MQ200131-59,,Plate1-PCR-POS,01,,PCR-POS,,,,,,,,,,C8,LJ004-Plate 1,24.15,,,,,,LIB-Plate1-PCR-POS-01,Small-scale,Benchmarking
MQ200131-60,MFD004,MFD004-1,01,PowerSoil Pro HT,Organic,Bead Beating,Fastprep-96,1800,360,6,120.2,125,Tube,Tube,A1,LJ004-Plate 2,16.30,24.55,1.94,1.99,15.33,Not measured,LIB-MFD004-1-PowerSoil Pro HT-01,Small-scale,Benchmarking
MQ200131-61,MFD004,MFD004-1,02,PowerSoil Pro HT,Organic,Bead Beating,Fastprep-96,1800,360,6,127.8,125,Tube,Tube,B1,LJ004-Plate 2,17.62,25.75,1.91,1.38,14.64,Not measured,LIB-MFD004-1-PowerSoil Pro HT-02,Small-scale,Benchmarking
MQ200131-62,MFD004,MFD004-1,03,PowerSoil Pro HT,Organic,Bead Beating,Fastprep-96,1800,360,6,126.7,125,Tube,Tube,C1,LJ004-Plate 2,12.61,25.90,1.94,2.02,13.68,Not measured,LIB-MFD004-1-PowerSoil Pro HT-03,Small-scale,Benchmarking
MQ200131-63,MFD004,MFD004-2,01,PowerSoil Pro HT,Sand-Clay,Bead Beating,Fastprep-96,1800,360,6,126.6,125,Tube,Tube,D1,LJ004-Plate 2,15.18,18.81,1.95,1.56,11.26,Not measured,LIB-MFD004-2-PowerSoil Pro HT-01,Small-scale,Benchmarking
MQ200131-64,MFD004,MFD004-2,02,PowerSoil Pro HT,Sand-Clay,Bead Beating,Fastprep-96,1800,360,6,125.2,125,Tube,Tube,E1,LJ004-Plate 2,15.30,22.70,1.88,1.81,8.90,Not measured,LIB-MFD004-2-PowerSoil Pro HT-02,Small-scale,Benchmarking
MQ200131-65,MFD004,MFD004-2,03,PowerSoil Pro HT,Sand-Clay,Bead Beating,Fastprep-96,1800,360,6,132,125,Tube,Tube,F1,LJ004-Plate 2,16.51,20.66,1.88,1.63,11.13,Not measured,LIB-MFD004-2-PowerSoil Pro HT-03,Small-scale,Benchmarking
MQ200131-66,MFD004,MFD004-3,01,PowerSoil Pro HT,Sand,Bead Beating,Fastprep-96,1800,360,6,124.1,125,Tube,Tube,G1,LJ004-Plate 2,24.57,22.08,1.91,1.16,10.58,Not measured,LIB-MFD004-3-PowerSoil Pro HT-01,Small-scale,Benchmarking
MQ200131-67,MFD004,MFD004-3,02,PowerSoil Pro HT,Sand,Bead Beating,Fastprep-96,1800,360,6,121.9,125,Tube,Tube,H1,LJ004-Plate 2,21.88,13.74,1.92,1.87,13.95,Not measured,LIB-MFD004-3-PowerSoil Pro HT-02,Small-scale,Benchmarking
MQ200131-68,MFD004,MFD004-3,03,PowerSoil Pro HT,Sand,Bead Beating,Fastprep-96,1800,360,6,130.9,125,Tube,Tube,A2,LJ004-Plate 2,13.07,11.74,1.90,1.73,10.02,Not measured,LIB-MFD004-3-PowerSoil Pro HT-03,Small-scale,Benchmarking
MQ200131-69,MFD004,MFD004-4,01,PowerSoil Pro HT,Clay,Bead Beating,Fastprep-96,1800,360,6,126.5,125,Tube,Tube,B2,LJ004-Plate 2,18.87,84.47,1.92,2.15,26.40,Not measured,LIB-MFD004-4-PowerSoil Pro HT-01,Small-scale,Benchmarking
MQ200131-70,MFD004,MFD004-4,02,PowerSoil Pro HT,Clay,Bead Beating,Fastprep-96,1800,360,6,117.5,125,Tube,Tube,C2,LJ004-Plate 2,15.82,66.89,1.91,2.13,54.38,Not measured,LIB-MFD004-4-PowerSoil Pro HT-02,Small-scale,Benchmarking
MQ200131-71,MFD004,MFD004-4,03,PowerSoil Pro HT,Clay,Bead Beating,Fastprep-96,1800,360,6,129.7,125,Tube,Tube,D2,LJ004-Plate 2,20.68,83.57,1.92,2.16,24.20,Not measured,LIB-MFD004-4-PowerSoil Pro HT-03,Small-scale,Benchmarking
MQ200131-72,MFD004,MFD004-5,01,PowerSoil Pro HT,Beach Sand,Bead Beating,Fastprep-96,1800,360,6,127,125,Tube,Tube,E2,LJ004-Plate 2,9.18,2.11,1.61,0.99,1.06,Not measured,LIB-MFD004-5-PowerSoil Pro HT-01,Small-scale,Benchmarking
MQ200131-73,MFD004,MFD004-5,02,PowerSoil Pro HT,Beach Sand,Bead Beating,Fastprep-96,1800,360,6,130.9,125,Tube,Tube,F2,LJ004-Plate 2,10.16,2.16,1.82,0.95,1.64,Not measured,LIB-MFD004-5-PowerSoil Pro HT-02,Small-scale,Benchmarking
MQ200131-74,MFD004,MFD004-5,03,PowerSoil Pro HT,Beach Sand,Bead Beating,Fastprep-96,1800,360,6,121.3,125,Tube,Tube,G2,LJ004-Plate 2,11.11,1.91,1.94,0.91,1.34,Not measured,LIB-MFD004-5-PowerSoil Pro HT-03,Small-scale,Benchmarking
MQ200131-75,MFD004,MFD004-AS,01,PowerSoil Pro HT,Activated sludge,Bead Beating,Fastprep-96,1800,360,6,0.6,0.6,Tube,Tube,H2,LJ004-Plate 2,15.24,17.56,1.89,1.74,17.03,Not measured,LIB-MFD004-AS-PowerSoil Pro HT-01,Small-scale,Benchmarking
MQ200131-76,MFD004,MFD004-AS,02,PowerSoil Pro HT,Activated sludge,Bead Beating,Fastprep-96,1800,360,6,0.6,0.6,Tube,Tube,A3,LJ004-Plate 2,29.38,16.41,1.91,1.38,20.34,Not measured,LIB-MFD004-AS-PowerSoil Pro HT-02,Small-scale,Benchmarking
MQ200131-77,MFD004,MFD004-AS,03,PowerSoil Pro HT,Activated sludge,Bead Beating,Fastprep-96,1800,360,6,0.6,0.6,Tube,Tube,B3,LJ004-Plate 2,28.41,15.88,1.93,1.93,18.70,Not measured,LIB-MFD004-AS-PowerSoil Pro HT-03,Small-scale,Benchmarking
MQ200131-78,MFD004,BLANK,01,PowerSoil Pro HT,Blank,Bead Beating,Fastprep-96,1800,360,6,0,0,Tube,Tube,C3,LJ004-Plate 2,0.00,1.39,2.21,0.57,0.02,Not measured,LIB-BLANK-PowerSoil Pro HT-01,Small-scale,Benchmarking
MQ200131-79,MFD004,MFD004-1,01,FastSpin HT,Organic,Bead Beating,Fastprep-96,1800,360,6,124.7,125,Tube,Tube,D3,LJ004-Plate 2,11.34,20.52,3.07,0.17,12.73,Not measured,LIB-MFD004-1-FastSpin HT-01,Small-scale,Benchmarking
MQ200131-80,MFD004,MFD004-1,02,FastSpin HT,Organic,Bead Beating,Fastprep-96,1800,360,6,131.5,125,Tube,Tube,E3,LJ004-Plate 2,9.56,17.38,3.24,0.17,17.60,Not measured,LIB-MFD004-1-FastSpin HT-02,Small-scale,Benchmarking
MQ200131-81,MFD004,MFD004-1,03,FastSpin HT,Organic,Bead Beating,Fastprep-96,1800,360,6,119.2,125,Tube,Tube,F3,LJ004-Plate 2,29.74,23.72,2.33,0.30,23.62,Not measured,LIB-MFD004-1-FastSpin HT-03,Small-scale,Benchmarking
MQ200131-82,MFD004,MFD004-2,01,FastSpin HT,Sand-Clay,Bead Beating,Fastprep-96,1800,360,6,118.8,125,Tube,Tube,G3,LJ004-Plate 2,27.48,21.29,2.52,0.21,11.55,Not measured,LIB-MFD004-2-FastSpin HT-01,Small-scale,Benchmarking
MQ200131-83,MFD004,MFD004-2,02,FastSpin HT,Sand-Clay,Bead Beating,Fastprep-96,1800,360,6,121.9,125,Tube,Tube,H3,LJ004-Plate 2,26.93,23.50,2.41,0.25,14.45,Not measured,LIB-MFD004-2-FastSpin HT-02,Small-scale,Benchmarking
MQ200131-84,MFD004,MFD004-2,03,FastSpin HT,Sand-Clay,Bead Beating,Fastprep-96,1800,360,6,120.9,125,Tube,Tube,A4,LJ004-Plate 2,23.66,24.82,2.61,0.22,13.95,Not measured,LIB-MFD004-2-FastSpin HT-03,Small-scale,Benchmarking
MQ200131-85,MFD004,MFD004-3,01,FastSpin HT,Sand,Bead Beating,Fastprep-96,1800,360,6,119.7,125,Tube,Tube,B4,LJ004-Plate 2,24.08,32.60,2.45,0.29,15.48,Not measured,LIB-MFD004-3-FastSpin HT-01,Small-scale,Benchmarking
MQ200131-86,MFD004,MFD004-3,02,FastSpin HT,Sand,Bead Beating,Fastprep-96,1800,360,6,116.5,125,Tube,Tube,C4,LJ004-Plate 2,23.69,49.99,2.95,0.22,11.84,Not measured,LIB-MFD004-3-FastSpin HT-02,Small-scale,Benchmarking
MQ200131-87,MFD004,MFD004-3,03,FastSpin HT,Sand,Bead Beating,Fastprep-96,1800,360,6,128.7,125,Tube,Tube,D4,LJ004-Plate 2,22.68,29.69,2.55,0.26,8.36,Not measured,LIB-MFD004-3-FastSpin HT-03,Small-scale,Benchmarking
MQ200131-88,MFD004,MFD004-4,01,FastSpin HT,Clay,Bead Beating,Fastprep-96,1800,360,6,116.4,125,Tube,Tube,E4,LJ004-Plate 2,22.64,92.46,2.08,0.66,56.91,Not measured,LIB-MFD004-4-FastSpin HT-01,Small-scale,Benchmarking
MQ200131-89,MFD004,MFD004-4,02,FastSpin HT,Clay,Bead Beating,Fastprep-96,1800,360,6,121.7,125,Tube,Tube,F4,LJ004-Plate 2,27.09,87.76,2.09,0.65,37.18,Not measured,LIB-MFD004-4-FastSpin HT-02,Small-scale,Benchmarking
MQ200131-90,MFD004,MFD004-4,03,FastSpin HT,Clay,Bead Beating,Fastprep-96,1800,360,6,132.5,125,Tube,Tube,G4,LJ004-Plate 2,24.95,88.12,2.06,0.70,51.22,Not measured,LIB-MFD004-4-FastSpin HT-03,Small-scale,Benchmarking
MQ200131-91,MFD004,MFD004-5,01,FastSpin HT,Beach Sand,Bead Beating,Fastprep-96,1800,360,6,124.7,125,Tube,Tube,H4,LJ004-Plate 2,26.11,14.00,2.68,0.19,0.39,Not measured,LIB-MFD004-5-FastSpin HT-01,Small-scale,Benchmarking
MQ200131-92,MFD004,MFD004-5,02,FastSpin HT,Beach Sand,Bead Beating,Fastprep-96,1800,360,6,124,125,Tube,Tube,A5,LJ004-Plate 2,26.65,16.83,3.47,0.17,0.41,Not measured,LIB-MFD004-5-FastSpin HT-02,Small-scale,Benchmarking
MQ200131-93,MFD004,MFD004-5,03,FastSpin HT,Beach Sand,Bead Beating,Fastprep-96,1800,360,6,125.3,125,Tube,Tube,B5,LJ004-Plate 2,29.95,14.47,3.36,0.17,0.40,Not measured,LIB-MFD004-5-FastSpin HT-03,Small-scale,Benchmarking
MQ200131-94,MFD004,MFD004-AS,01,FastSpin HT,Activated sludge,Bead Beating,Fastprep-96,1800,360,6,0.6,0.6,Tube,Tube,C5,LJ004-Plate 2,25.05,44.25,2.29,0.41,8.50,Not measured,LIB-MFD004-AS-FastSpin HT-01,Small-scale,Benchmarking
MQ200131-95,MFD004,MFD004-AS,02,FastSpin HT,Activated sludge,Bead Beating,Fastprep-96,1800,360,6,0.6,0.6,Tube,Tube,D5,LJ004-Plate 2,26.34,41.09,2.24,0.42,16.83,Not measured,LIB-MFD004-AS-FastSpin HT-02,Small-scale,Benchmarking
MQ200131-96,MFD004,MFD004-AS,03,FastSpin HT,Activated sludge,Bead Beating,Fastprep-96,1800,360,6,0.6,0.6,Tube,Tube,E5,LJ004-Plate 2,28.60,43.80,2.22,0.46,10.37,Not measured,LIB-MFD004-AS-FastSpin HT-03,Small-scale,Benchmarking
MQ200131-97,MFD004,BLANK,01,FastSpin HT,Blank,Bead Beating,Fastprep-96,1800,360,6,0,0,Tube,Tube,F5,LJ004-Plate 2,0.04,17.01,3.56,0.17,0.02,Not measured,LIB-BLANK-FastSpin HT-01,Small-scale,Benchmarking
MQ200131-98,MFD004,MFD004-1,01,MIDAS HT,Organic,Bead Beating,Fastprep-96,1800,360,6,126.3,125,Tube,Tube,G5,LJ004-Plate 2,0.14,107.19,1.36,0.68,0.49,Not measured,LIB-MFD004-1-MIDAS HT-01,Small-scale,Benchmarking
MQ200131-99,MFD004,MFD004-1,02,MIDAS HT,Organic,Bead Beating,Fastprep-96,1800,360,6,121.2,125,Tube,Tube,H5,LJ004-Plate 2,0.15,129.86,1.35,0.67,0.39,Not measured,LIB-MFD004-1-MIDAS HT-02,Small-scale,Benchmarking
MQ200131-100,MFD004,MFD004-1,03,MIDAS HT,Organic,Bead Beating,Fastprep-96,1800,360,6,126.3,125,Tube,Tube,A6,LJ004-Plate 2,0.01,153.20,1.34,0.68,22.52,Not measured,LIB-MFD004-1-MIDAS HT-03,Small-scale,Benchmarking
MQ200131-101,MFD004,MFD004-2,01,MIDAS HT,Sand-Clay,Bead Beating,Fastprep-96,1800,360,6,132.8,125,Tube,Tube,B6,LJ004-Plate 2,0.04,94.06,1.46,0.79,4.11,Not measured,LIB-MFD004-2-MIDAS HT-01,Small-scale,Benchmarking
MQ200131-102,MFD004,MFD004-2,02,MIDAS HT,Sand-Clay,Bead Beating,Fastprep-96,1800,360,6,121.4,125,Tube,Tube,C6,LJ004-Plate 2,0.03,66.61,1.46,0.81,7.13,Not measured,LIB-MFD004-2-MIDAS HT-02,Small-scale,Benchmarking
MQ200131-103,MFD004,MFD004-2,03,MIDAS HT,Sand-Clay,Bead Beating,Fastprep-96,1800,360,6,132.7,125,Tube,Tube,D6,LJ004-Plate 2,0.03,96.59,1.46,0.80,6.08,Not measured,LIB-MFD004-2-MIDAS HT-03,Small-scale,Benchmarking
MQ200131-104,MFD004,MFD004-3,01,MIDAS HT,Sand,Bead Beating,Fastprep-96,1800,360,6,126,125,Tube,Tube,E6,LJ004-Plate 2,13.12,62.81,1.50,0.79,16.36,Not measured,LIB-MFD004-3-MIDAS HT-01,Small-scale,Benchmarking
MQ200131-105,MFD004,MFD004-3,02,MIDAS HT,Sand,Bead Beating,Fastprep-96,1800,360,6,126.1,125,Tube,Tube,F6,LJ004-Plate 2,0.04,63.98,1.51,0.81,12.98,Not measured,LIB-MFD004-3-MIDAS HT-02,Small-scale,Benchmarking
MQ200131-106,MFD004,MFD004-3,03,MIDAS HT,Sand,Bead Beating,Fastprep-96,1800,360,6,122.2,125,Tube,Tube,G6,LJ004-Plate 2,0.02,71.42,1.48,0.80,9.77,Not measured,LIB-MFD004-3-MIDAS HT-03,Small-scale,Benchmarking
MQ200131-107,MFD004,MFD004-4,01,MIDAS HT,Clay,Bead Beating,Fastprep-96,1800,360,6,131.5,125,Tube,Tube,H6,LJ004-Plate 2,22.52,39.24,1.70,1.24,88.61,Not measured,LIB-MFD004-4-MIDAS HT-01,Small-scale,Benchmarking
MQ200131-108,MFD004,MFD004-4,02,MIDAS HT,Clay,Bead Beating,Fastprep-96,1800,360,6,131,125,Tube,Tube,A7,LJ004-Plate 2,28.10,35.69,1.73,1.29,82.66,Not measured,LIB-MFD004-4-MIDAS HT-02,Small-scale,Benchmarking
MQ200131-109,MFD004,MFD004-4,03,MIDAS HT,Clay,Bead Beating,Fastprep-96,1800,360,6,128.5,125,Tube,Tube,B7,LJ004-Plate 2,27.53,37.45,1.77,1.38,77.32,Not measured,LIB-MFD004-4-MIDAS HT-03,Small-scale,Benchmarking
MQ200131-110,MFD004,MFD004-5,01,MIDAS HT,Beach Sand,Bead Beating,Fastprep-96,1800,360,6,122.7,125,Tube,Tube,C7,LJ004-Plate 2,27.69,6.36,1.51,1.17,1.96,Not measured,LIB-MFD004-5-MIDAS HT-01,Small-scale,Benchmarking
MQ200131-111,MFD004,MFD004-5,02,MIDAS HT,Beach Sand,Bead Beating,Fastprep-96,1800,360,6,134.2,125,Tube,Tube,D7,LJ004-Plate 2,27.73,7.56,1.57,1.01,1.59,Not measured,LIB-MFD004-5-MIDAS HT-02,Small-scale,Benchmarking
MQ200131-112,MFD004,MFD004-5,03,MIDAS HT,Beach Sand,Bead Beating,Fastprep-96,1800,360,6,134.1,125,Tube,Tube,E7,LJ004-Plate 2,27.07,6.58,1.49,1.12,2.12,Not measured,LIB-MFD004-5-MIDAS HT-03,Small-scale,Benchmarking
MQ200131-113,MFD004,MFD004-AS,01,MIDAS HT,Activated sludge,Bead Beating,Fastprep-96,1800,360,6,0.6,0.6,Tube,Tube,F7,LJ004-Plate 2,26.61,27.22,1.87,1.62,32.58,Not measured,LIB-MFD004-AS-MIDAS HT-01,Small-scale,Benchmarking
MQ200131-114,MFD004,MFD004-AS,02,MIDAS HT,Activated sludge,Bead Beating,Fastprep-96,1800,360,6,0.6,0.6,Tube,Tube,G7,LJ004-Plate 2,26.07,28.03,1.89,1.66,33.81,Not measured,LIB-MFD004-AS-MIDAS HT-02,Small-scale,Benchmarking
MQ200131-115,MFD004,MFD004-AS,03,MIDAS HT,Activated sludge,Bead Beating,Fastprep-96,1800,360,6,0.6,0.6,Tube,Tube,H7,LJ004-Plate 2,25.04,28.64,1.85,1.69,34.28,Not measured,LIB-MFD004-AS-MIDAS HT-03,Small-scale,Benchmarking
MQ200131-116,MFD004,BLANK,01,MIDAS HT,Blank,Bead Beating,Fastprep-96,1800,360,6,0,0,Tube,Tube,A8,LJ004-Plate 2,0.07,3.85,1.41,1.05,0.02,Not measured,LIB-BLANK-MIDAS HT-01,Small-scale,Benchmarking
MQ200131-117,,Plate2-PCR-NEG,01,,PCR-NEG,,,,,,,,,,B8,LJ004-Plate 2,0.01,,,,,,LIB-Plate2-PCR-NEG-01,Small-scale,Benchmarking
MQ200131-118,,Plate2-PCR-POS,01,,PCR-POS,,,,,,,,,,C8,LJ004-Plate 2,25.20,,,,,,LIB-Plate2-PCR-POS-01,Small-scale,Benchmarking
MQ200703-1,MFD004,MFD004-1,01,PowerSoil Pro HT,Organic,Bead Beating,Fastprep-96,1000,120,2,123.4,125,A1,Bead Beating Optimization P1,A1,Bead Beating Optimization P1,0.12,4.59,1.85,0.42,2.76,10284,LIB-MFD004-1-01-1000-120,Small-scale,Beadbeating
MQ200703-2,MFD004,MFD004-1,02,PowerSoil Pro HT,Organic,Bead Beating,Fastprep-96,1000,120,2,130.3,125,B1,Bead Beating Optimization P1,B1,Bead Beating Optimization P1,31.88,6.49,1.79,1.63,4.93,13478,LIB-MFD004-1-02-1000-120,Small-scale,Beadbeating
MQ200703-3,MFD004,MFD004-1,03,PowerSoil Pro HT,Organic,Bead Beating,Fastprep-96,1000,120,2,125.3,125,C1,Bead Beating Optimization P1,C1,Bead Beating Optimization P1,38.39,3.93,1.71,1.18,2.44,15385,LIB-MFD004-1-03-1000-120,Small-scale,Beadbeating
MQ200703-4,MFD004,MFD004-3,01,PowerSoil Pro HT,Sand,Bead Beating,Fastprep-96,1000,120,2,120.7,125,D1,Bead Beating Optimization P1,D1,Bead Beating Optimization P1,33.83,1.62,1.56,0.65,1.02,NA,LIB-MFD004-3-01-1000-120,Small-scale,Beadbeating
MQ200703-5,MFD004,MFD004-3,02,PowerSoil Pro HT,Sand,Bead Beating,Fastprep-96,1000,120,2,128.3,125,E1,Bead Beating Optimization P1,E1,Bead Beating Optimization P1,14.40,2.55,1.68,0.29,0.83,NA,LIB-MFD004-3-02-1000-120,Small-scale,Beadbeating
MQ200703-6,MFD004,MFD004-3,03,PowerSoil Pro HT,Sand,Bead Beating,Fastprep-96,1000,120,2,129.9,125,F1,Bead Beating Optimization P1,F1,Bead Beating Optimization P1,25.40,3.00,1.64,0.60,0.97,NA,LIB-MFD004-3-03-1000-120,Small-scale,Beadbeating
MQ200703-7,MFD004,MFD004-4,01,PowerSoil Pro HT,Clay,Bead Beating,Fastprep-96,1000,120,2,129.1,125,G1,Bead Beating Optimization P1,G1,Bead Beating Optimization P1,33.50,4.01,1.81,1.18,2.15,18558,LIB-MFD004-4-01-1000-120,Small-scale,Beadbeating
MQ200703-8,MFD004,MFD004-4,02,PowerSoil Pro HT,Clay,Bead Beating,Fastprep-96,1000,120,2,120.6,125,H1,Bead Beating Optimization P1,H1,Bead Beating Optimization P1,28.11,3.67,1.59,0.10,1.60,17222,LIB-MFD004-4-02-1000-120,Small-scale,Beadbeating
MQ200703-9,MFD004,MFD004-4,03,PowerSoil Pro HT,Clay,Bead Beating,Fastprep-96,1000,120,2,121.2,125,A2,Bead Beating Optimization P1,A2,Bead Beating Optimization P1,0.32,2.59,1.70,0.68,0.51,NA,LIB-MFD004-4-03-1000-120,Small-scale,Beadbeating
MQ200703-10,MFD004,MFD004-1,01,PowerSoil Pro HT,Organic,Bead Beating,Fastprep-96,1000,240,4,123.3,125,B2,Bead Beating Optimization P1,B2,Bead Beating Optimization P1,31.14,6.62,1.72,1.25,4.09,14024,LIB-MFD004-1-01-1000-240,Small-scale,Beadbeating
MQ200703-11,MFD004,MFD004-1,02,PowerSoil Pro HT,Organic,Bead Beating,Fastprep-96,1000,240,4,120.5,125,C2,Bead Beating Optimization P1,C2,Bead Beating Optimization P1,39.67,6.19,1.76,1.20,3.81,16198,LIB-MFD004-1-02-1000-240,Small-scale,Beadbeating
MQ200703-12,MFD004,MFD004-1,03,PowerSoil Pro HT,Organic,Bead Beating,Fastprep-96,1000,240,4,128.8,125,D2,Bead Beating Optimization P1,D2,Bead Beating Optimization P1,25.56,6.81,1.77,1.40,4.35,15302,LIB-MFD004-1-03-1000-240,Small-scale,Beadbeating
MQ200703-13,MFD004,MFD004-3,01,PowerSoil Pro HT,Sand,Bead Beating,Fastprep-96,1000,240,4,130.6,125,E2,Bead Beating Optimization P1,E2,Bead Beating Optimization P1,5.44,2.88,1.53,0.60,0.24,NA,LIB-MFD004-3-01-1000-240,Small-scale,Beadbeating
MQ200703-14,MFD004,MFD004-3,02,PowerSoil Pro HT,Sand,Bead Beating,Fastprep-96,1000,240,4,128.9,125,F2,Bead Beating Optimization P1,F2,Bead Beating Optimization P1,0.65,2.69,1.52,0.58,0.19,NA,LIB-MFD004-3-02-1000-240,Small-scale,Beadbeating
MQ200703-15,MFD004,MFD004-3,03,PowerSoil Pro HT,Sand,Bead Beating,Fastprep-96,1000,240,4,130.8,125,G2,Bead Beating Optimization P1,G2,Bead Beating Optimization P1,3.14,2.89,1.48,0.58,0.17,NA,LIB-MFD004-3-03-1000-240,Small-scale,Beadbeating
MQ200703-16,MFD004,MFD004-4,01,PowerSoil Pro HT,Clay,Bead Beating,Fastprep-96,1000,240,4,123.1,125,H2,Bead Beating Optimization P1,H2,Bead Beating Optimization P1,34.14,3.12,1.55,0.76,1.17,23923,LIB-MFD004-4-01-1000-240,Small-scale,Beadbeating
MQ200703-17,MFD004,MFD004-4,02,PowerSoil Pro HT,Clay,Bead Beating,Fastprep-96,1000,240,4,119.6,125,A3,Bead Beating Optimization P1,A3,Bead Beating Optimization P1,11.12,2.93,1.62,0.44,0.65,18804,LIB-MFD004-4-02-1000-240,Small-scale,Beadbeating
MQ200703-18,MFD004,MFD004-4,03,PowerSoil Pro HT,Clay,Bead Beating,Fastprep-96,1000,240,4,126.6,125,B3,Bead Beating Optimization P1,B3,Bead Beating Optimization P1,8.59,2.46,1.52,0.68,0.45,NA,LIB-MFD004-4-03-1000-240,Small-scale,Beadbeating
MQ200703-19,MFD004,MFD004-1,01,PowerSoil Pro HT,Sand,Bead Beating,Fastprep-96,1000,360,6,118.9,125,C3,Bead Beating Optimization P1,C3,Bead Beating Optimization P1,35.92,4.11,1.56,1.08,2.35,15227,LIB-MFD004-1-01-1000-360,Small-scale,Beadbeating
MQ200703-20,MFD004,MFD004-1,02,PowerSoil Pro HT,Sand,Bead Beating,Fastprep-96,1000,360,6,124.1,125,D3,Bead Beating Optimization P1,D3,Bead Beating Optimization P1,46.84,3.01,1.62,1.07,1.61,17826,LIB-MFD004-1-02-1000-360,Small-scale,Beadbeating
MQ200703-21,MFD004,MFD004-1,03,PowerSoil Pro HT,Sand,Bead Beating,Fastprep-96,1000,360,6,130.1,125,E3,Bead Beating Optimization P1,E3,Bead Beating Optimization P1,40.29,2.39,1.59,1.65,1.43,15018,LIB-MFD004-1-03-1000-360,Small-scale,Beadbeating
MQ200703-22,MFD004,MFD004-3,01,PowerSoil Pro HT,Organic,Bead Beating,Fastprep-96,1000,360,6,132.2,125,F3,Bead Beating Optimization P1,F3,Bead Beating Optimization P1,36.20,3.01,1.50,0.82,1.46,21273,LIB-MFD004-3-01-1000-360,Small-scale,Beadbeating
MQ200703-23,MFD004,MFD004-3,02,PowerSoil Pro HT,Organic,Bead Beating,Fastprep-96,1000,360,6,126.3,125,G3,Bead Beating Optimization P1,G3,Bead Beating Optimization P1,9.13,2.37,1.37,0.66,0.31,14095,LIB-MFD004-3-02-1000-360,Small-scale,Beadbeating
MQ200703-24,MFD004,MFD004-3,03,PowerSoil Pro HT,Organic,Bead Beating,Fastprep-96,1000,360,6,128.4,125,H3,Bead Beating Optimization P1,H3,Bead Beating Optimization P1,28.77,8.65,1.74,1.63,6.22,14271,LIB-MFD004-3-03-1000-360,Small-scale,Beadbeating
MQ200703-25,MFD004,MFD004-4,01,PowerSoil Pro HT,Clay,Bead Beating,Fastprep-96,1000,360,6,130.6,125,A8,Bead Beating Optimization P2,A4,Bead Beating Optimization P1,37.23,12.33,1.80,1.60,9.49,14565,LIB-MFD004-4-01-1000-360,Small-scale,Beadbeating
MQ200703-26,MFD004,MFD004-4,02,PowerSoil Pro HT,Clay,Bead Beating,Fastprep-96,1000,360,6,120.9,125,B8,Bead Beating Optimization P2,B4,Bead Beating Optimization P1,41.47,16.11,1.90,1.88,13.81,12638,LIB-MFD004-4-02-1000-360,Small-scale,Beadbeating
MQ200703-27,MFD004,MFD004-4,03,PowerSoil Pro HT,Clay,Bead Beating,Fastprep-96,1000,360,6,120.8,125,C8,Bead Beating Optimization P2,C4,Bead Beating Optimization P1,36.89,17.47,1.86,1.80,14.93,13451,LIB-MFD004-4-03-1000-360,Small-scale,Beadbeating
MQ200703-162,MFD004,BLANK-1000,01,PowerSoil Pro HT,Blank,Bead Beating,Fastprep-96,1000,360,6,0,0,D8,Bead Beating Optimization P2,D4,Bead Beating Optimization P1,0.35,1.34,2.09,0.73,0.12,NA,LIB-BLANK-1000-01-1000-360,Small-scale,Beadbeating
MQ200703-28,MFD004,MFD004-1,01,PowerSoil Pro HT,Organic,Bead Beating,Fastprep-96,1200,120,2,121.4,125,A4,Bead Beating Optimization P1,E4,Bead Beating Optimization P1,2.52,5.77,1.91,0.63,3.53,14199,LIB-MFD004-1-01-1200-120,Small-scale,Beadbeating
MQ200703-29,MFD004,MFD004-1,02,PowerSoil Pro HT,Organic,Bead Beating,Fastprep-96,1200,120,2,130,125,B4,Bead Beating Optimization P1,F4,Bead Beating Optimization P1,35.78,7.17,1.75,1.16,4.79,14771,LIB-MFD004-1-02-1200-120,Small-scale,Beadbeating
MQ200703-30,MFD004,MFD004-1,03,PowerSoil Pro HT,Organic,Bead Beating,Fastprep-96,1200,120,2,125,125,C4,Bead Beating Optimization P1,G4,Bead Beating Optimization P1,38.80,8.04,1.81,1.58,6.12,15239,LIB-MFD004-1-03-1200-120,Small-scale,Beadbeating
MQ200703-31,MFD004,MFD004-3,01,PowerSoil Pro HT,Sand,Bead Beating,Fastprep-96,1400,120,2,129.3,125,D4,Bead Beating Optimization P1,H4,Bead Beating Optimization P1,2.23,2.51,1.48,0.57,0.16,NA,LIB-MFD004-3-01-1400-120,Small-scale,Beadbeating
MQ200703-32,MFD004,MFD004-3,02,PowerSoil Pro HT,Sand,Bead Beating,Fastprep-96,1400,120,2,128.9,125,E4,Bead Beating Optimization P1,A5,Bead Beating Optimization P1,3.59,2.57,1.43,0.60,0.16,NA,LIB-MFD004-3-02-1400-120,Small-scale,Beadbeating
MQ200703-33,MFD004,MFD004-3,03,PowerSoil Pro HT,Sand,Bead Beating,Fastprep-96,1400,120,2,122.8,125,F4,Bead Beating Optimization P1,B5,Bead Beating Optimization P1,2.21,2.39,1.32,0.61,0.18,NA,LIB-MFD004-3-03-1400-120,Small-scale,Beadbeating
MQ200703-34,MFD004,MFD004-4,01,PowerSoil Pro HT,Clay,Bead Beating,Fastprep-96,1200,120,2,123.5,125,G4,Bead Beating Optimization P1,C5,Bead Beating Optimization P1,2.39,2.33,1.53,0.55,0.24,NA,LIB-MFD004-4-01-1200-120,Small-scale,Beadbeating
MQ200703-35,MFD004,MFD004-4,02,PowerSoil Pro HT,Clay,Bead Beating,Fastprep-96,1200,120,2,126.4,125,H4,Bead Beating Optimization P1,D5,Bead Beating Optimization P1,5.99,2.11,1.67,0.08,0.13,NA,LIB-MFD004-4-02-1200-120,Small-scale,Beadbeating
MQ200703-36,MFD004,MFD004-4,03,PowerSoil Pro HT,Clay,Bead Beating,Fastprep-96,1200,120,2,118.6,125,A5,Bead Beating Optimization P1,E5,Bead Beating Optimization P1,5.31,2.03,1.51,0.62,0.19,NA,LIB-MFD004-4-03-1200-120,Small-scale,Beadbeating
MQ200703-37,MFD004,MFD004-1,01,PowerSoil Pro HT,Organic,Bead Beating,Fastprep-96,1200,240,4,123.3,125,B5,Bead Beating Optimization P1,F5,Bead Beating Optimization P1,38.28,4.67,1.53,1.08,2.04,NA,LIB-MFD004-1-01-1200-240,Small-scale,Beadbeating
MQ200703-38,MFD004,MFD004-1,02,PowerSoil Pro HT,Organic,Bead Beating,Fastprep-96,1200,240,4,124.4,125,C5,Bead Beating Optimization P1,G5,Bead Beating Optimization P1,22.00,4.64,1.83,1.05,2.00,12645,LIB-MFD004-1-02-1200-240,Small-scale,Beadbeating
MQ200703-39,MFD004,MFD004-1,03,PowerSoil Pro HT,Organic,Bead Beating,Fastprep-96,1200,240,4,122.7,125,D5,Bead Beating Optimization P1,H5,Bead Beating Optimization P1,39.73,3.58,1.78,0.92,1.36,NA,LIB-MFD004-1-03-1200-240,Small-scale,Beadbeating
MQ200703-40,MFD004,MFD004-3,01,PowerSoil Pro HT,Sand,Bead Beating,Fastprep-96,1200,240,4,120.2,125,E5,Bead Beating Optimization P1,A6,Bead Beating Optimization P1,2.00,2.49,1.75,0.66,0.18,NA,LIB-MFD004-3-01-1200-240,Small-scale,Beadbeating
MQ200703-41,MFD004,MFD004-3,02,PowerSoil Pro HT,Sand,Bead Beating,Fastprep-96,1200,240,4,126.1,125,F5,Bead Beating Optimization P1,B6,Bead Beating Optimization P1,4.38,2.76,1.47,0.58,0.21,NA,LIB-MFD004-3-02-1200-240,Small-scale,Beadbeating
MQ200703-42,MFD004,MFD004-3,03,PowerSoil Pro HT,Sand,Bead Beating,Fastprep-96,1200,240,4,130,125,G5,Bead Beating Optimization P1,C6,Bead Beating Optimization P1,3.91,3.21,1.49,0.65,0.19,NA,LIB-MFD004-3-03-1200-240,Small-scale,Beadbeating
MQ200703-43,MFD004,MFD004-4,01,PowerSoil Pro HT,Clay,Bead Beating,Fastprep-96,1200,240,4,124.4,125,H5,Bead Beating Optimization P1,D6,Bead Beating Optimization P1,36.50,5.66,1.90,1.22,3.56,13465,LIB-MFD004-4-01-1200-240,Small-scale,Beadbeating
MQ200703-44,MFD004,MFD004-4,02,PowerSoil Pro HT,Clay,Bead Beating,Fastprep-96,1200,240,4,123.4,125,A6,Bead Beating Optimization P1,E6,Bead Beating Optimization P1,33.91,3.00,1.61,0.88,0.95,16898,LIB-MFD004-4-02-1200-240,Small-scale,Beadbeating
MQ200703-45,MFD004,MFD004-4,03,PowerSoil Pro HT,Clay,Bead Beating,Fastprep-96,1200,240,4,126.2,125,B6,Bead Beating Optimization P1,F6,Bead Beating Optimization P1,7.92,2.13,1.83,0.61,0.22,NA,LIB-MFD004-4-03-1200-240,Small-scale,Beadbeating
MQ200703-46,MFD004,MFD004-1,01,PowerSoil Pro HT,Organic,Bead Beating,Fastprep-96,1200,360,6,128.3,125,C6,Bead Beating Optimization P1,G6,Bead Beating Optimization P1,42.83,5.85,1.76,1.20,3.78,12079,LIB-MFD004-1-01-1200-360,Small-scale,Beadbeating
MQ200703-47,MFD004,MFD004-1,02,PowerSoil Pro HT,Organic,Bead Beating,Fastprep-96,1200,360,6,124.8,125,D6,Bead Beating Optimization P1,H6,Bead Beating Optimization P1,40.46,6.76,1.74,1.37,4.65,9189,LIB-MFD004-1-02-1200-360,Small-scale,Beadbeating
MQ200703-48,MFD004,MFD004-1,03,PowerSoil Pro HT,Organic,Bead Beating,Fastprep-96,1200,360,6,126.2,125,E6,Bead Beating Optimization P1,A7,Bead Beating Optimization P1,44.44,6.36,1.74,1.30,4.20,12345,LIB-MFD004-1-03-1200-360,Small-scale,Beadbeating
MQ200703-49,MFD004,MFD004-3,01,PowerSoil Pro HT,Sand,Bead Beating,Fastprep-96,1200,360,6,124.3,125,F6,Bead Beating Optimization P1,B7,Bead Beating Optimization P1,41.74,4.90,1.57,0.93,2.63,12312,LIB-MFD004-3-01-1200-360,Small-scale,Beadbeating
MQ200703-50,MFD004,MFD004-3,02,PowerSoil Pro HT,Sand,Bead Beating,Fastprep-96,1200,360,6,126.9,125,G6,Bead Beating Optimization P1,C7,Bead Beating Optimization P1,42.31,7.06,1.64,1.22,4.69,17017,LIB-MFD004-3-02-1200-360,Small-scale,Beadbeating
MQ200703-51,MFD004,MFD004-3,03,PowerSoil Pro HT,Sand,Bead Beating,Fastprep-96,1200,360,6,128.9,125,H6,Bead Beating Optimization P1,D7,Bead Beating Optimization P1,42.56,5.18,1.64,0.94,2.90,12791,LIB-MFD004-3-03-1200-360,Small-scale,Beadbeating
MQ200703-52,MFD004,MFD004-4,01,PowerSoil Pro HT,Clay,Bead Beating,Fastprep-96,1200,360,6,120.3,125,E7,Bead Beating Optimization P2,E7,Bead Beating Optimization P1,32.00,30.33,1.92,2.05,25.79,12570,LIB-MFD004-4-01-1200-360,Small-scale,Beadbeating
MQ200703-53,MFD004,MFD004-4,02,PowerSoil Pro HT,Clay,Bead Beating,Fastprep-96,1200,360,6,131.4,125,F7,Bead Beating Optimization P2,F7,Bead Beating Optimization P1,22.30,28.33,1.88,1.94,25.19,11622,LIB-MFD004-4-02-1200-360,Small-scale,Beadbeating
MQ200703-54,MFD004,MFD004-4,03,PowerSoil Pro HT,Clay,Bead Beating,Fastprep-96,1200,360,6,127.5,125,G7,Bead Beating Optimization P2,G7,Bead Beating Optimization P1,27.22,27.98,1.89,1.91,24.65,12304,LIB-MFD004-4-03-1200-360,Small-scale,Beadbeating
MQ200703-55,MFD004,BLANK-1200,01,PowerSoil Pro HT,Blank,Bead Beating,Fastprep-96,1200,360,6,0,0,H7,Bead Beating Optimization P2,H7,Bead Beating Optimization P1,0.46,1.59,1.40,0.67,0.12,NA,LIB-BLANK-1200-01-1200-360,Small-scale,Beadbeating
MQ200703-56,MFD004,MFD004-1,01,PowerSoil Pro HT,Organic,Bead Beating,Fastprep-96,1400,120,2,130.8,125,A7,Bead Beating Optimization P1,A8,Bead Beating Optimization P1,11.63,10.20,2.00,0.11,9.71,12608,LIB-MFD004-1-01-1400-120,Small-scale,Beadbeating
MQ200703-57,MFD004,MFD004-1,02,PowerSoil Pro HT,Organic,Bead Beating,Fastprep-96,1400,120,2,126.4,125,B7,Bead Beating Optimization P1,B8,Bead Beating Optimization P1,38.09,7.93,1.85,1.55,6.34,12007,LIB-MFD004-1-02-1400-120,Small-scale,Beadbeating
MQ200703-58,MFD004,MFD004-1,03,PowerSoil Pro HT,Organic,Bead Beating,Fastprep-96,1400,120,2,117.2,125,C7,Bead Beating Optimization P1,C8,Bead Beating Optimization P1,34.10,13.90,1.83,1.95,12.35,13151,LIB-MFD004-1-03-1400-120,Small-scale,Beadbeating
MQ200703-59,MFD004,MFD004-3,01,PowerSoil Pro HT,Sand,Bead Beating,Fastprep-96,1200,120,2,124.3,125,D7,Bead Beating Optimization P1,D8,Bead Beating Optimization P1,0.87,1.46,1.95,0.53,0.13,NA,LIB-MFD004-3-01-1200-120,Small-scale,Beadbeating
MQ200703-60,MFD004,MFD004-3,02,PowerSoil Pro HT,Sand,Bead Beating,Fastprep-96,1200,120,2,119.4,125,E7,Bead Beating Optimization P1,E8,Bead Beating Optimization P1,0.13,2.42,1.70,0.57,0.15,NA,LIB-MFD004-3-02-1200-120,Small-scale,Beadbeating
MQ200703-61,MFD004,MFD004-3,03,PowerSoil Pro HT,Sand,Bead Beating,Fastprep-96,1200,120,2,116.5,125,F7,Bead Beating Optimization P1,F8,Bead Beating Optimization P1,0.55,2.46,1.49,0.57,0.13,NA,LIB-MFD004-3-03-1200-120,Small-scale,Beadbeating
MQ200703-62,MFD004,MFD004-4,01,PowerSoil Pro HT,Clay,Bead Beating,Fastprep-96,1400,120,2,125.7,125,G7,Bead Beating Optimization P1,G8,Bead Beating Optimization P1,2.89,2.05,1.66,0.68,0.23,NA,LIB-MFD004-4-01-1400-120,Small-scale,Beadbeating
MQ200703-63,MFD004,MFD004-4,02,PowerSoil Pro HT,Clay,Bead Beating,Fastprep-96,1400,120,2,125.7,125,H7,Bead Beating Optimization P1,H8,Bead Beating Optimization P1,5.92,2.13,1.71,0.59,0.25,NA,LIB-MFD004-4-02-1400-120,Small-scale,Beadbeating
MQ200703-64,MFD004,MFD004-4,03,PowerSoil Pro HT,Clay,Bead Beating,Fastprep-96,1400,120,2,123.4,125,A8,Bead Beating Optimization P1,A9,Bead Beating Optimization P1,46.21,11.84,1.81,1.11,9.05,24148,LIB-MFD004-4-03-1400-120,Small-scale,Beadbeating
MQ200703-65,MFD004,MFD004-1,01,PowerSoil Pro HT,Organic,Bead Beating,Fastprep-96,1400,240,4,131.9,125,B8,Bead Beating Optimization P1,B9,Bead Beating Optimization P1,41.93,18.67,1.91,2.00,18.82,13918,LIB-MFD004-1-01-1400-240,Small-scale,Beadbeating
MQ200703-66,MFD004,MFD004-1,02,PowerSoil Pro HT,Organic,Bead Beating,Fastprep-96,1400,240,4,125.3,125,C8,Bead Beating Optimization P1,C9,Bead Beating Optimization P1,49.98,19.35,1.87,2.00,18.22,13223,LIB-MFD004-1-02-1400-240,Small-scale,Beadbeating
MQ200703-67,MFD004,MFD004-1,03,PowerSoil Pro HT,Organic,Bead Beating,Fastprep-96,1400,240,4,117.9,125,D8,Bead Beating Optimization P1,D9,Bead Beating Optimization P1,33.03,13.15,1.98,1.72,11.22,11286,LIB-MFD004-1-03-1400-240,Small-scale,Beadbeating
MQ200703-68,MFD004,MFD004-3,01,PowerSoil Pro HT,Sand,Bead Beating,Fastprep-96,1400,240,4,121.2,125,E8,Bead Beating Optimization P1,E9,Bead Beating Optimization P1,3.99,2.49,1.47,0.60,0.18,NA,LIB-MFD004-3-01-1400-240,Small-scale,Beadbeating
MQ200703-69,MFD004,MFD004-3,02,PowerSoil Pro HT,Sand,Bead Beating,Fastprep-96,1400,240,4,121.8,125,F8,Bead Beating Optimization P1,F9,Bead Beating Optimization P1,6.66,2.49,1.53,0.62,0.26,NA,LIB-MFD004-3-02-1400-240,Small-scale,Beadbeating
MQ200703-70,MFD004,MFD004-3,03,PowerSoil Pro HT,Sand,Bead Beating,Fastprep-96,1400,240,4,121.4,125,G8,Bead Beating Optimization P1,G9,Bead Beating Optimization P1,7.98,2.41,1.50,0.70,0.28,NA,LIB-MFD004-3-03-1400-240,Small-scale,Beadbeating
MQ200703-71,MFD004,MFD004-4,01,PowerSoil Pro HT,Clay,Bead Beating,Fastprep-96,1400,240,4,120.2,125,H8,Bead Beating Optimization P1,H9,Bead Beating Optimization P1,14.39,2.48,1.39,0.65,0.43,NA,LIB-MFD004-4-01-1400-240,Small-scale,Beadbeating
MQ200703-72,MFD004,MFD004-4,02,PowerSoil Pro HT,Clay,Bead Beating,Fastprep-96,1400,240,4,120,125,A9,Bead Beating Optimization P1,A10,Bead Beating Optimization P1,33.65,19.83,1.98,1.92,17.41,12982,LIB-MFD004-4-02-1400-240,Small-scale,Beadbeating
MQ200703-73,MFD004,MFD004-4,03,PowerSoil Pro HT,Clay,Bead Beating,Fastprep-96,1400,240,4,130.8,125,B9,Bead Beating Optimization P1,B10,Bead Beating Optimization P1,32.47,2.96,1.69,0.97,1.73,14515,LIB-MFD004-4-03-1400-240,Small-scale,Beadbeating
MQ200703-74,MFD004,MFD004-1,01,PowerSoil Pro HT,Organic,Bead Beating,Fastprep-96,1400,360,6,126.8,125,C9,Bead Beating Optimization P1,C10,Bead Beating Optimization P1,29.80,15.16,1.86,1.69,12.35,9856,LIB-MFD004-1-01-1400-360,Small-scale,Beadbeating
MQ200703-75,MFD004,MFD004-1,02,PowerSoil Pro HT,Organic,Bead Beating,Fastprep-96,1400,360,6,129.9,125,D9,Bead Beating Optimization P1,D10,Bead Beating Optimization P1,33.97,14.50,1.85,1.28,11.43,9095,LIB-MFD004-1-02-1400-360,Small-scale,Beadbeating
MQ200703-76,MFD004,MFD004-1,03,PowerSoil Pro HT,Organic,Bead Beating,Fastprep-96,1400,360,6,121.4,125,E9,Bead Beating Optimization P1,E10,Bead Beating Optimization P1,34.07,18.52,1.85,1.79,14.87,9598,LIB-MFD004-1-03-1400-360,Small-scale,Beadbeating
MQ200703-77,MFD004,MFD004-3,01,PowerSoil Pro HT,Sand,Bead Beating,Fastprep-96,1400,360,6,123.5,125,F9,Bead Beating Optimization P1,F10,Bead Beating Optimization P1,30.94,7.31,1.70,1.28,4.93,12079,LIB-MFD004-3-01-1400-360,Small-scale,Beadbeating
MQ200703-78,MFD004,MFD004-3,02,PowerSoil Pro HT,Sand,Bead Beating,Fastprep-96,1400,360,6,132.3,125,G9,Bead Beating Optimization P1,G10,Bead Beating Optimization P1,32.12,7.84,1.69,1.40,5.93,12888,LIB-MFD004-3-02-1400-360,Small-scale,Beadbeating
MQ200703-79,MFD004,MFD004-3,03,PowerSoil Pro HT,Sand,Bead Beating,Fastprep-96,1400,360,6,122.3,125,H9,Bead Beating Optimization P1,H10,Bead Beating Optimization P1,30.47,4.14,2.07,0.03,1.51,NA,LIB-MFD004-3-03-1400-360,Small-scale,Beadbeating
MQ200703-80,MFD004,MFD004-4,01,PowerSoil Pro HT,Clay,Bead Beating,Fastprep-96,1400,360,6,118.6,125,A7,Bead Beating Optimization P2,A11,Bead Beating Optimization P1,26.61,46.23,1.94,1.89,45.55,10168,LIB-MFD004-4-01-1400-360,Small-scale,Beadbeating
MQ200703-81,MFD004,MFD004-4,02,PowerSoil Pro HT,Clay,Bead Beating,Fastprep-96,1400,360,6,130.5,125,B7,Bead Beating Optimization P2,B11,Bead Beating Optimization P1,8.99,67.60,1.91,2.08,66.71,11480,LIB-MFD004-4-02-1400-360,Small-scale,Beadbeating
MQ200703-82,MFD004,MFD004-4,03,PowerSoil Pro HT,Clay,Bead Beating,Fastprep-96,1400,360,6,123.2,125,C7,Bead Beating Optimization P2,C11,Bead Beating Optimization P1,24.31,41.72,1.87,1.90,39.22,10988,LIB-MFD004-4-03-1400-360,Small-scale,Beadbeating
MQ200703-83,MFD004,BLANK-1400,01,PowerSoil Pro HT,Blank,Bead Beating,Fastprep-96,1400,360,6,0,0,D7,Bead Beating Optimization P2,D11,Bead Beating Optimization P1,0.92,1.06,1.33,0.43,0.12,NA,LIB-BLANK-1400-01-1400-360,Small-scale,Beadbeating
MQ200703-84,MFD004,MFD004-1,01,PowerSoil Pro HT,Organic,Bead Beating,Fastprep-96,1600,120,2,126.6,125,A10,Bead Beating Optimization P1,E11,Bead Beating Optimization P1,41.32,17.37,1.92,1.89,0.38,9704,LIB-MFD004-1-01-1600-120,Small-scale,Beadbeating
MQ200703-85,MFD004,MFD004-1,02,PowerSoil Pro HT,Organic,Bead Beating,Fastprep-96,1600,120,2,119.7,125,B10,Bead Beating Optimization P1,F11,Bead Beating Optimization P1,32.49,15.68,1.90,1.86,14.82,10854,LIB-MFD004-1-02-1600-120,Small-scale,Beadbeating
MQ200703-86,MFD004,MFD004-1,03,PowerSoil Pro HT,Organic,Bead Beating,Fastprep-96,1600,120,2,126.6,125,C10,Bead Beating Optimization P1,G11,Bead Beating Optimization P1,36.04,16.88,1.84,1.89,14.52,9988,LIB-MFD004-1-03-1600-120,Small-scale,Beadbeating
MQ200703-87,MFD004,MFD004-3,01,PowerSoil Pro HT,Sand,Bead Beating,Fastprep-96,1600,120,2,122.6,125,D10,Bead Beating Optimization P1,H11,Bead Beating Optimization P1,34.93,5.54,1.66,0.99,4.33,10808,LIB-MFD004-3-01-1600-120,Small-scale,Beadbeating
MQ200703-88,MFD004,MFD004-3,02,PowerSoil Pro HT,Sand,Bead Beating,Fastprep-96,1600,120,2,124.2,125,E10,Bead Beating Optimization P1,A12,Bead Beating Optimization P1,22.94,5.51,1.70,1.25,3.87,14025,LIB-MFD004-3-02-1600-120,Small-scale,Beadbeating
MQ200703-89,MFD004,MFD004-3,03,PowerSoil Pro HT,Sand,Bead Beating,Fastprep-96,1600,120,2,132.3,125,F10,Bead Beating Optimization P1,B12,Bead Beating Optimization P1,28.17,5.80,1.77,1.42,4.22,13581,LIB-MFD004-3-03-1600-120,Small-scale,Beadbeating
MQ200703-90,MFD004,MFD004-4,01,PowerSoil Pro HT,Clay,Bead Beating,Fastprep-96,1600,120,2,116.1,125,G10,Bead Beating Optimization P1,C12,Bead Beating Optimization P1,26.69,26.26,1.90,2.01,25.23,12256,LIB-MFD004-4-01-1600-120,Small-scale,Beadbeating
MQ200703-91,MFD004,MFD004-4,02,PowerSoil Pro HT,Clay,Bead Beating,Fastprep-96,1600,120,2,125.8,125,H10,Bead Beating Optimization P1,D12,Bead Beating Optimization P1,38.02,28.19,1.91,1.89,25.45,13240,LIB-MFD004-4-02-1600-120,Small-scale,Beadbeating
MQ200703-92,MFD004,MFD004-4,03,PowerSoil Pro HT,Clay,Bead Beating,Fastprep-96,1600,120,2,120.3,125,A11,Bead Beating Optimization P1,E12,Bead Beating Optimization P1,26.94,25.66,1.90,1.98,22.69,10316,LIB-MFD004-4-03-1600-120,Small-scale,Beadbeating
MQ200703-93,MFD004,MFD004-1,01,PowerSoil Pro HT,Organic,Bead Beating,Fastprep-96,1600,240,4,126.5,125,B11,Bead Beating Optimization P1,F12,Bead Beating Optimization P1,26.26,19.84,1.84,1.73,16.30,9332,LIB-MFD004-1-01-1600-240,Small-scale,Beadbeating
MQ200703-94,,Plate1-PCR-POS,01,,PCR-POS,Bead Beating,Fastprep-96,,,,,,,,G12,Bead Beating Optimization P1,53.70,,,,,NA,LIB-Plate1-PCR-POS-01,Small-scale,Beadbeating
MQ200703-95,,Plate1-PCR-NEG,01,,PCR-NEG,Bead Beating,Fastprep-96,,,,,,,,H12,Bead Beating Optimization P1,0.24,,,,,NA,LIB-Plate1-PCR-NEG-01,Small-scale,Beadbeating
MQ200703-96,MFD004,MFD004-1,02,PowerSoil Pro HT,Organic,Bead Beating,Fastprep-96,1600,240,4,125.5,125,C11,Bead Beating Optimization P1,A1,Bead Beating Optimization P2,22.47,19.14,1.85,1.82,15.11,8019,LIB-MFD004-1-02-1600-240,Small-scale,Beadbeating
MQ200703-97,MFD004,MFD004-1,03,PowerSoil Pro HT,Organic,Bead Beating,Fastprep-96,1600,240,4,128.8,125,D11,Bead Beating Optimization P1,B1,Bead Beating Optimization P2,26.53,20.11,1.85,1.91,17.14,8333,LIB-MFD004-1-03-1600-240,Small-scale,Beadbeating
MQ200703-98,MFD004,MFD004-3,01,PowerSoil Pro HT,Sand,Bead Beating,Fastprep-96,1600,240,4,122.1,125,E11,Bead Beating Optimization P1,C1,Bead Beating Optimization P2,29.68,8.60,1.77,1.48,6.31,14441,LIB-MFD004-3-01-1600-240,Small-scale,Beadbeating
MQ200703-99,MFD004,MFD004-3,02,PowerSoil Pro HT,Sand,Bead Beating,Fastprep-96,1600,240,4,129.5,125,F11,Bead Beating Optimization P1,D1,Bead Beating Optimization P2,26.84,9.68,1.79,1.34,6.64,13090,LIB-MFD004-3-02-1600-240,Small-scale,Beadbeating
MQ200703-100,MFD004,MFD004-3,03,PowerSoil Pro HT,Sand,Bead Beating,Fastprep-96,1600,240,4,125.3,125,G11,Bead Beating Optimization P1,E1,Bead Beating Optimization P2,32.56,9.21,1.79,1.59,6.98,13898,LIB-MFD004-3-03-1600-240,Small-scale,Beadbeating
MQ200703-101,MFD004,MFD004-4,01,PowerSoil Pro HT,Clay,Bead Beating,Fastprep-96,1600,240,4,122.4,125,H11,Bead Beating Optimization P1,F1,Bead Beating Optimization P2,29.91,40.75,1.89,2.07,36.48,11485,LIB-MFD004-4-01-1600-240,Small-scale,Beadbeating
MQ200703-102,MFD004,MFD004-4,02,PowerSoil Pro HT,Clay,Bead Beating,Fastprep-96,1600,240,4,130.7,125,A12,Bead Beating Optimization P1,G1,Bead Beating Optimization P2,29.76,40.36,1.89,2.07,36.35,14959,LIB-MFD004-4-02-1600-240,Small-scale,Beadbeating
MQ200703-103,MFD004,MFD004-4,03,PowerSoil Pro HT,Clay,Bead Beating,Fastprep-96,1600,240,4,128.4,125,B12,Bead Beating Optimization P1,H1,Bead Beating Optimization P2,23.99,39.75,1.89,1.91,34.14,12238,LIB-MFD004-4-03-1600-240,Small-scale,Beadbeating
MQ200703-104,MFD004,MFD004-1,01,PowerSoil Pro HT,Organic,Bead Beating,Fastprep-96,1600,360,6,124.5,125,C12,Bead Beating Optimization P1,A2,Bead Beating Optimization P2,20.97,24.65,1.83,1.77,18.88,10230,LIB-MFD004-1-01-1600-360,Small-scale,Beadbeating
MQ200703-105,MFD004,MFD004-1,02,PowerSoil Pro HT,Organic,Bead Beating,Fastprep-96,1600,360,6,125.6,125,D12,Bead Beating Optimization P1,B2,Bead Beating Optimization P2,24.66,26.55,1.86,1.98,21.89,9791,LIB-MFD004-1-02-1600-360,Small-scale,Beadbeating
MQ200703-106,MFD004,MFD004-1,03,PowerSoil Pro HT,Organic,Bead Beating,Fastprep-96,1600,360,6,126.5,125,A1,Bead Beating Optimization P2,C2,Bead Beating Optimization P2,21.31,27.89,1.87,1.50,21.13,9296,LIB-MFD004-1-03-1600-360,Small-scale,Beadbeating
MQ200703-107,MFD004,MFD004-3,01,PowerSoil Pro HT,Sand,Bead Beating,Fastprep-96,1600,360,6,125.1,125,B1,Bead Beating Optimization P2,D2,Bead Beating Optimization P2,27.40,13.34,1.86,1.79,11.29,10706,LIB-MFD004-3-01-1600-360,Small-scale,Beadbeating
MQ200703-108,MFD004,MFD004-3,02,PowerSoil Pro HT,Sand,Bead Beating,Fastprep-96,1600,360,6,126.3,125,C1,Bead Beating Optimization P2,E2,Bead Beating Optimization P2,20.13,14.58,1.91,1.70,13.47,12929,LIB-MFD004-3-02-1600-360,Small-scale,Beadbeating
MQ200703-109,MFD004,MFD004-3,03,PowerSoil Pro HT,Sand,Bead Beating,Fastprep-96,1600,360,6,117.5,125,D1,Bead Beating Optimization P2,F2,Bead Beating Optimization P2,30.55,10.05,1.79,1.82,8.33,13312,LIB-MFD004-3-03-1600-360,Small-scale,Beadbeating
MQ200703-110,MFD004,MFD004-4,01,PowerSoil Pro HT,Clay,Bead Beating,Fastprep-96,1600,360,6,125.7,125,E6,Bead Beating Optimization P2,G2,Bead Beating Optimization P2,26.12,49.96,1.92,2.14,44.39,10455,LIB-MFD004-4-01-1600-360,Small-scale,Beadbeating
MQ200703-111,MFD004,MFD004-4,02,PowerSoil Pro HT,Clay,Bead Beating,Fastprep-96,1600,360,6,120.7,125,F6,Bead Beating Optimization P2,H2,Bead Beating Optimization P2,23.69,43.11,1.91,2.09,40.73,10589,LIB-MFD004-4-02-1600-360,Small-scale,Beadbeating
MQ200703-112,MFD004,MFD004-4,03,PowerSoil Pro HT,Clay,Bead Beating,Fastprep-96,1600,360,6,119.3,125,G6,Bead Beating Optimization P2,A3,Bead Beating Optimization P2,22.60,54.37,1.92,2.13,53.35,9407,LIB-MFD004-4-03-1600-360,Small-scale,Beadbeating
MQ200703-113,MFD004,BLANK-1600,01,PowerSoil Pro HT,Blank,Bead Beating,Fastprep-96,1600,360,6,0,0,H6,Bead Beating Optimization P2,B3,Bead Beating Optimization P2,0.16,0.80,1.35,0.49,0.13,NA,LIB-BLANK-1600-01-1600-360,Small-scale,Beadbeating
MQ200703-114,MFD004,MFD004-1,02,PowerSoil Pro HT,Organic,Bead Beating,Fastprep-96,1800,120,2,119.3,125,G2,Bead Beating Time,C3,Bead Beating Optimization P2,28.19,9.24,1.95,1.66,7.73,10551,LIB-MFD004-1-02-1800-120,Small-scale,Beadbeating
MQ200703-115,MFD004,MFD004-1,03,PowerSoil Pro HT,Organic,Bead Beating,Fastprep-96,1800,120,2,127.2,125,H2,Bead Beating Time,D3,Bead Beating Optimization P2,29.77,8.76,1.89,1.83,7.87,8732,LIB-MFD004-1-03-1800-120,Small-scale,Beadbeating
MQ200703-116,MFD004,MFD004-1,01,PowerSoil Pro HT,Organic,Bead Beating,Fastprep-96,1800,120,2,125.9,125,A3,Bead Beating Time,E3,Bead Beating Optimization P2,25.04,8.51,1.83,1.88,7.50,8038,LIB-MFD004-1-01-1800-120,Small-scale,Beadbeating
MQ200703-117,MFD004,MFD004-3,02,PowerSoil Pro HT,Sand,Bead Beating,Fastprep-96,1800,120,2,120.2,125,E1,Bead Beating Optimization P2,F3,Bead Beating Optimization P2,29.94,6.42,1.80,1.26,4.41,7781,LIB-MFD004-3-02-1800-120,Small-scale,Beadbeating
MQ200703-118,MFD004,MFD004-3,03,PowerSoil Pro HT,Sand,Bead Beating,Fastprep-96,1800,120,2,129.8,125,F1,Bead Beating Optimization P2,G3,Bead Beating Optimization P2,27.91,5.25,1.73,1.55,3.97,8287,LIB-MFD004-3-03-1800-120,Small-scale,Beadbeating
MQ200703-119,MFD004,MFD004-3,01,PowerSoil Pro HT,Sand,Bead Beating,Fastprep-96,1800,120,2,120.9,125,G1,Bead Beating Optimization P2,H3,Bead Beating Optimization P2,23.15,5.59,1.82,1.48,3.95,7759,LIB-MFD004-3-01-1800-120,Small-scale,Beadbeating
MQ200703-120,MFD004,MFD004-4,02,PowerSoil Pro HT,Clay,Bead Beating,Fastprep-96,1800,120,2,122.3,125,H1,Bead Beating Optimization P2,A4,Bead Beating Optimization P2,17.42,27.72,1.90,1.99,24.38,9385,LIB-MFD004-4-02-1800-120,Small-scale,Beadbeating
MQ200703-121,MFD004,MFD004-4,03,PowerSoil Pro HT,Clay,Bead Beating,Fastprep-96,1800,120,2,119.4,125,A2,Bead Beating Optimization P2,B4,Bead Beating Optimization P2,33.06,29.95,1.90,1.98,28.09,11694,LIB-MFD004-4-03-1800-120,Small-scale,Beadbeating
MQ200703-122,MFD004,MFD004-4,01,PowerSoil Pro HT,Clay,Bead Beating,Fastprep-96,1800,120,2,128.3,125,B2,Bead Beating Optimization P2,C4,Bead Beating Optimization P2,25.65,27.26,1.87,2.06,26.60,12072,LIB-MFD004-4-01-1800-120,Small-scale,Beadbeating
MQ200703-123,MFD004,MFD004-1,02,PowerSoil Pro HT,Organic,Bead Beating,Fastprep-96,1800,240,4,118.4,125,C6,Bead Beating Time,D4,Bead Beating Optimization P2,28.09,16.13,1.89,1.05,14.32,7897,LIB-MFD004-1-02-1800-240,Small-scale,Beadbeating
MQ200703-124,MFD004,MFD004-1,03,PowerSoil Pro HT,Organic,Bead Beating,Fastprep-96,1800,240,4,124.3,125,D6,Bead Beating Time,E4,Bead Beating Optimization P2,23.81,15.78,1.95,1.86,15.37,8468,LIB-MFD004-1-03-1800-240,Small-scale,Beadbeating
MQ200703-125,MFD004,MFD004-1,01,PowerSoil Pro HT,Organic,Bead Beating,Fastprep-96,1800,240,4,124.2,125,E6,Bead Beating Time,F4,Bead Beating Optimization P2,27.78,20.35,1.88,1.82,18.44,7635,LIB-MFD004-1-01-1800-240,Small-scale,Beadbeating
MQ200703-126,MFD004,MFD004-3,02,PowerSoil Pro HT,Sand,Bead Beating,Fastprep-96,1800,240,4,126.5,125,C2,Bead Beating Optimization P2,G4,Bead Beating Optimization P2,23.53,10.40,1.99,1.57,9.55,8358,LIB-MFD004-3-02-1800-240,Small-scale,Beadbeating
MQ200703-127,MFD004,MFD004-3,03,PowerSoil Pro HT,Sand,Bead Beating,Fastprep-96,1800,240,4,131.1,125,D2,Bead Beating Optimization P2,H4,Bead Beating Optimization P2,22.40,8.93,1.83,1.77,8.00,6577,LIB-MFD004-3-03-1800-240,Small-scale,Beadbeating
MQ200703-128,MFD004,MFD004-3,01,PowerSoil Pro HT,Sand,Bead Beating,Fastprep-96,1800,240,4,124.9,125,E2,Bead Beating Optimization P2,A5,Bead Beating Optimization P2,26.76,8.78,1.84,1.55,6.77,11490,LIB-MFD004-3-01-1800-240,Small-scale,Beadbeating
MQ200703-129,MFD004,MFD004-4,02,PowerSoil Pro HT,Clay,Bead Beating,Fastprep-96,1800,240,4,131.2,125,F2,Bead Beating Optimization P2,B5,Bead Beating Optimization P2,30.74,55.58,1.90,2.10,54.38,9466,LIB-MFD004-4-02-1800-240,Small-scale,Beadbeating
MQ200703-130,MFD004,MFD004-4,03,PowerSoil Pro HT,Clay,Bead Beating,Fastprep-96,1800,240,4,122.5,125,G2,Bead Beating Optimization P2,C5,Bead Beating Optimization P2,25.17,55.19,1.91,2.13,52.76,11243,LIB-MFD004-4-03-1800-240,Small-scale,Beadbeating
MQ200703-131,MFD004,MFD004-4,01,PowerSoil Pro HT,Clay,Bead Beating,Fastprep-96,1800,240,4,123.5,125,H2,Bead Beating Optimization P2,D5,Bead Beating Optimization P2,26.39,46.55,1.91,2.11,42.22,7287,LIB-MFD004-4-01-1800-240,Small-scale,Beadbeating
MQ200703-132,MFD004,MFD004-1,02,PowerSoil Pro HT,Organic,Bead Beating,Fastprep-96,1800,360,6,118.3,125,H8,Bead Beating Time,E5,Bead Beating Optimization P2,0.72,20.01,1.92,1.73,19.41,6756,LIB-MFD004-1-02-1800-360,Small-scale,Beadbeating
MQ200703-133,MFD004,MFD004-1,03,PowerSoil Pro HT,Organic,Bead Beating,Fastprep-96,1800,360,6,126.8,125,A9,Bead Beating Time,F5,Bead Beating Optimization P2,13.63,22.43,1.90,1.89,20.52,7418,LIB-MFD004-1-03-1800-360,Small-scale,Beadbeating
MQ200703-134,MFD004,MFD004-1,01,PowerSoil Pro HT,Organic,Bead Beating,Fastprep-96,1800,360,6,125.2,125,B9,Bead Beating Time,G5,Bead Beating Optimization P2,20.73,6.23,1.69,1.29,3.88,6973,LIB-MFD004-1-01-1800-360,Small-scale,Beadbeating
MQ200703-135,MFD004,MFD004-3,02,PowerSoil Pro HT,Sand,Bead Beating,Fastprep-96,1800,360,6,123.5,125,A3,Bead Beating Optimization P2,H5,Bead Beating Optimization P2,21.11,14.55,1.91,1.84,12.50,6899,LIB-MFD004-3-02-1800-360,Small-scale,Beadbeating
MQ200703-136,MFD004,MFD004-3,03,PowerSoil Pro HT,Sand,Bead Beating,Fastprep-96,1800,360,6,130.4,125,B3,Bead Beating Optimization P2,A6,Bead Beating Optimization P2,27.10,12.11,1.87,1.97,10.41,8896,LIB-MFD004-3-03-1800-360,Small-scale,Beadbeating
MQ200703-137,MFD004,MFD004-3,01,PowerSoil Pro HT,Sand,Bead Beating,Fastprep-96,1800,360,6,120.3,125,C3,Bead Beating Optimization P2,B6,Bead Beating Optimization P2,30.33,14.54,1.77,1.78,12.03,8843,LIB-MFD004-3-01-1800-360,Small-scale,Beadbeating
MQ200703-138,MFD004,MFD004-4,02,PowerSoil Pro HT,Clay,Bead Beating,Fastprep-96,1800,360,6,117,125,A6,Bead Beating Optimization P2,C6,Bead Beating Optimization P2,26.68,43.72,1.90,2.05,40.69,9755,LIB-MFD004-4-02-1800-360,Small-scale,Beadbeating
MQ200703-139,MFD004,MFD004-4,03,PowerSoil Pro HT,Clay,Bead Beating,Fastprep-96,1800,360,6,124.2,125,B6,Bead Beating Optimization P2,D6,Bead Beating Optimization P2,28.46,49.10,1.89,2.05,45.80,9601,LIB-MFD004-4-03-1800-360,Small-scale,Beadbeating
MQ200703-140,MFD004,MFD004-4,01,PowerSoil Pro HT,Clay,Bead Beating,Fastprep-96,1800,360,6,119.6,125,C6,Bead Beating Optimization P2,E6,Bead Beating Optimization P2,19.69,49.70,1.90,2.08,45.56,8494,LIB-MFD004-4-01-1800-360,Small-scale,Beadbeating
MQ200703-141,MFD004,BLANK-1800,01,PowerSoil Pro HT,Blank,Bead Beating,Fastprep-96,1800,360,6,0,0,D6,Bead Beating Optimization P2,F6,Bead Beating Optimization P2,0.12,2.43,1.64,0.62,0.13,NA,LIB-BLANK-1800-01-1800-360,Small-scale,Beadbeating
MQ200703-142,,Plate2-PCR-POS,01,,PCR-POS,Bead Beating,Fastprep-96,,,,,,,,G6,Bead Beating Optimization P2,31.12,,,,,NA,LIB-Plate2-PCR-POS-01,Small-scale,Beadbeating
MQ200703-143,,Plate2-PCR-NEG,01,,PCR-NEG,Bead Beating,Fastprep-96,,,,,,,,H6,Bead Beating Optimization P2,0.10,,,,,NA,LIB-Plate2-PCR-NEG-01,Small-scale,Beadbeating
MQ200131-119,MFD004,MFD004-1,01,PowerSoil Pro HT,Organic,Bead Beating,Fastprep-96,1800,0,0,128.2,125,A1,Bead Beating Time,A1,LJ004-Plate 0,12.69,2.69,2.16,1.11,1.43,Not measured,LIB-MFD004-1-01-1800-0,Small-scale,Beadbeating_time
MQ200131-120,MFD004,MFD004-1,02,PowerSoil Pro HT,Organic,Bead Beating,Fastprep-96,1800,0,0,128.1,125,B1,Bead Beating Time,B1,LJ004-Plate 0,21.97,4.80,1.71,0.98,1.91,Not measured,LIB-MFD004-1-02-1800-0,Small-scale,Beadbeating_time
MQ200131-121,MFD004,MFD004-1,03,PowerSoil Pro HT,Organic,Bead Beating,Fastprep-96,1800,0,0,130.6,125,C1,Bead Beating Time,C1,LJ004-Plate 0,20.64,4.30,1.52,0.66,1.31,Not measured,LIB-MFD004-1-03-1800-0,Small-scale,Beadbeating_time
MQ200131-122,MFD004,MFD04-AS,01,PowerSoil Pro HT,Activated sludge,Bead Beating,Fastprep-96,1800,0,0,0.6,0.6,D1,Bead Beating Time,D1,LJ004-Plate 0,21.07,2.29,1.43,0.83,0.58,Not measured,LIB-MFD04-AS-01-1800-0,Small-scale,Beadbeating_time
MQ200131-123,MFD004,MFD04-AS,02,PowerSoil Pro HT,Activated sludge,Bead Beating,Fastprep-96,1800,0,0,0.6,0.6,E1,Bead Beating Time,E1,LJ004-Plate 0,14.91,1.87,1.21,0.07,0.36,Not measured,LIB-MFD04-AS-02-1800-0,Small-scale,Beadbeating_time
MQ200131-124,MFD004,MFD04-AS,03,PowerSoil Pro HT,Activated sludge,Bead Beating,Fastprep-96,1800,0,0,0.6,0.6,F1,Bead Beating Time,F1,LJ004-Plate 0,18.31,2.95,1.76,0.72,0.07,Not measured,LIB-MFD04-AS-03-1800-0,Small-scale,Beadbeating_time
MQ200131-125,MFD004,BLANK,01,PowerSoil Pro HT,Blank,Bead Beating,Fastprep-96,1800,0,0,0,0,G1,Bead Beating Time,G1,LJ004-Plate 0,0.10,1.02,1.61,0.49,0.03,Not measured,LIB-BLANK-01-1800-0,Small-scale,Beadbeating_time
MQ200131-126,MFD004,MFD004-1,01,PowerSoil Pro HT,Organic,Bead Beating,Fastprep-96,1800,60,1,129.5,125,H1,Bead Beating Time,H1,LJ004-Plate 0,13.89,9.82,1.66,1.18,4.59,Not measured,LIB-MFD004-1-01-1800-60,Small-scale,Beadbeating_time
MQ200131-127,MFD004,MFD004-1,02,PowerSoil Pro HT,Organic,Bead Beating,Fastprep-96,1800,60,1,122.7,125,A2,Bead Beating Time,A2,LJ004-Plate 0,21.39,8.64,1.72,1.50,4.88,Not measured,LIB-MFD004-1-02-1800-60,Small-scale,Beadbeating_time
MQ200131-128,MFD004,MFD004-1,03,PowerSoil Pro HT,Organic,Bead Beating,Fastprep-96,1800,60,1,120.9,125,B2,Bead Beating Time,B2,LJ004-Plate 0,20.39,18.25,1.71,1.07,5.31,Not measured,LIB-MFD004-1-03-1800-60,Small-scale,Beadbeating_time
MQ200131-129,MFD004,MFD04-AS,01,PowerSoil Pro HT,Activated sludge,Bead Beating,Fastprep-96,1800,60,1,0.6,0.6,C2,Bead Beating Time,C2,LJ004-Plate 0,22.57,5.57,1.69,1.23,2.67,Not measured,LIB-MFD04-AS-01-1800-60,Small-scale,Beadbeating_time
MQ200131-130,MFD004,MFD04-AS,02,PowerSoil Pro HT,Activated sludge,Bead Beating,Fastprep-96,1800,60,1,0.6,0.6,D2,Bead Beating Time,D2,LJ004-Plate 0,22.05,4.97,1.72,1.18,2.58,Not measured,LIB-MFD04-AS-02-1800-60,Small-scale,Beadbeating_time
MQ200131-131,MFD004,MFD04-AS,03,PowerSoil Pro HT,Activated sludge,Bead Beating,Fastprep-96,1800,60,1,0.6,0.6,E2,Bead Beating Time,E2,LJ004-Plate 0,19.99,7.25,1.61,0.72,2.34,Not measured,LIB-MFD04-AS-03-1800-60,Small-scale,Beadbeating_time
MQ200131-132,MFD004,BLANK,01,PowerSoil Pro HT,Blank,Bead Beating,Fastprep-96,1800,60,1,0,0,F2,Bead Beating Time,F2,LJ004-Plate 0,0.08,1.52,1.22,0.46,0.03,Not measured,LIB-BLANK-01-1800-60,Small-scale,Beadbeating_time
MQ200131-133,MFD004,MFD004-1,01,PowerSoil Pro HT,Organic,Bead Beating,Fastprep-96,1800,120,2,119.3,125,G2,Bead Beating Time,G2,LJ004-Plate 0,21.24,11.44,1.85,1.61,6.72,Not measured,LIB-MFD004-1-01-1800-120,Small-scale,Beadbeating_time
MQ200131-134,MFD004,MFD004-1,02,PowerSoil Pro HT,Organic,Bead Beating,Fastprep-96,1800,120,2,127.2,125,H2,Bead Beating Time,H2,LJ004-Plate 0,15.38,11.41,1.78,1.65,5.66,Not measured,LIB-MFD004-1-02-1800-120,Small-scale,Beadbeating_time
MQ200131-135,MFD004,MFD004-1,03,PowerSoil Pro HT,Organic,Bead Beating,Fastprep-96,1800,120,2,125.9,125,A3,Bead Beating Time,A3,LJ004-Plate 0,11.30,12.24,1.78,1.73,5.70,Not measured,LIB-MFD004-1-03-1800-120,Small-scale,Beadbeating_time
MQ200131-136,MFD004,MFD04-AS,01,PowerSoil Pro HT,Activated sludge,Bead Beating,Fastprep-96,1800,120,2,0.6,0.6,B3,Bead Beating Time,B3,LJ004-Plate 0,17.44,10.54,1.79,1.45,4.43,Not measured,LIB-MFD04-AS-01-1800-120,Small-scale,Beadbeating_time
MQ200131-137,MFD004,MFD04-AS,02,PowerSoil Pro HT,Activated sludge,Bead Beating,Fastprep-96,1800,120,2,0.6,0.6,C3,Bead Beating Time,C3,LJ004-Plate 0,12.85,10.55,1.83,1.22,5.67,Not measured,LIB-MFD04-AS-02-1800-120,Small-scale,Beadbeating_time
MQ200131-138,MFD004,MFD04-AS,03,PowerSoil Pro HT,Activated sludge,Bead Beating,Fastprep-96,1800,120,2,0.6,0.6,D3,Bead Beating Time,D3,LJ004-Plate 0,17.96,11.13,1.75,1.44,4.52,Not measured,LIB-MFD04-AS-03-1800-120,Small-scale,Beadbeating_time
MQ200131-139,MFD004,BLANK,01,PowerSoil Pro HT,Blank,Bead Beating,Fastprep-96,1800,120,2,0,0,E3,Bead Beating Time,E3,LJ004-Plate 0,0.04,1.72,1.35,0.53,0.03,Not measured,LIB-BLANK-01-1800-120,Small-scale,Beadbeating_time
MQ200131-140,MFD004,MFD004-1,01,PowerSoil Pro HT,Organic,Bead Beating,Fastprep-96,1800,150,2.5,128.6,125,F3,Bead Beating Time,F3,LJ004-Plate 0,20.51,11.59,1.86,1.48,10.02,Not measured,LIB-MFD004-1-01-1800-150,Small-scale,Beadbeating_time
MQ200131-141,MFD004,MFD004-1,02,PowerSoil Pro HT,Organic,Bead Beating,Fastprep-96,1800,150,2.5,118.5,125,G3,Bead Beating Time,G3,LJ004-Plate 0,20.66,11.81,1.82,1.60,8.18,Not measured,LIB-MFD004-1-02-1800-150,Small-scale,Beadbeating_time
MQ200131-142,MFD004,MFD004-1,03,PowerSoil Pro HT,Organic,Bead Beating,Fastprep-96,1800,150,2.5,126.9,125,H3,Bead Beating Time,H3,LJ004-Plate 0,16.31,13.94,1.84,1.71,7.88,Not measured,LIB-MFD004-1-03-1800-150,Small-scale,Beadbeating_time
MQ200131-143,MFD004,MFD04-AS,01,PowerSoil Pro HT,Activated sludge,Bead Beating,Fastprep-96,1800,150,2.5,0.6,0.6,A4,Bead Beating Time,A4,LJ004-Plate 0,21.67,3.67,1.92,1.04,2.64,Not measured,LIB-MFD04-AS-01-1800-150,Small-scale,Beadbeating_time
MQ200131-144,MFD004,MFD04-AS,02,PowerSoil Pro HT,Activated sludge,Bead Beating,Fastprep-96,1800,150,2.5,0.6,0.6,B4,Bead Beating Time,B4,LJ004-Plate 0,21.87,17.07,1.80,1.45,8.50,Not measured,LIB-MFD04-AS-02-1800-150,Small-scale,Beadbeating_time
MQ200131-145,MFD004,MFD04-AS,03,PowerSoil Pro HT,Activated sludge,Bead Beating,Fastprep-96,1800,150,2.5,0.6,0.6,C4,Bead Beating Time,C4,LJ004-Plate 0,24.56,11.03,1.81,1.50,5.17,Not measured,LIB-MFD04-AS-03-1800-150,Small-scale,Beadbeating_time
MQ200131-146,MFD004,BLANK,01,PowerSoil Pro HT,Blank,Bead Beating,Fastprep-96,1800,150,2.5,0,0,D4,Bead Beating Time,D4,LJ004-Plate 0,0.05,1.81,1.31,0.62,0.04,Not measured,LIB-BLANK-01-1800-150,Small-scale,Beadbeating_time
MQ200131-147,MFD004,MFD004-1,01,PowerSoil Pro HT,Organic,Bead Beating,Fastprep-96,1800,180,3,131.8,125,E4,Bead Beating Time,E4,LJ004-Plate 0,18.67,16.65,1.84,1.73,10.37,Not measured,LIB-MFD004-1-01-1800-180,Small-scale,Beadbeating_time
MQ200131-148,MFD004,MFD004-1,02,PowerSoil Pro HT,Organic,Bead Beating,Fastprep-96,1800,180,3,125.4,125,F4,Bead Beating Time,F4,LJ004-Plate 0,23.75,13.62,1.82,0.61,9.37,Not measured,LIB-MFD004-1-02-1800-180,Small-scale,Beadbeating_time
MQ200131-149,MFD004,MFD004-1,03,PowerSoil Pro HT,Organic,Bead Beating,Fastprep-96,1800,180,3,115.4,125,G4,Bead Beating Time,G4,LJ004-Plate 0,20.44,11.59,1.81,1.55,7.04,Not measured,LIB-MFD004-1-03-1800-180,Small-scale,Beadbeating_time
MQ200131-150,MFD004,MFD04-AS,01,PowerSoil Pro HT,Activated sludge,Bead Beating,Fastprep-96,1800,180,3,0.6,0.6,H4,Bead Beating Time,H4,LJ004-Plate 0,17.00,10.17,1.86,1.59,7.71,Not measured,LIB-MFD04-AS-01-1800-180,Small-scale,Beadbeating_time
MQ200131-151,MFD004,MFD04-AS,02,PowerSoil Pro HT,Activated sludge,Bead Beating,Fastprep-96,1800,180,3,0.6,0.6,A5,Bead Beating Time,A5,LJ004-Plate 0,18.35,13.38,1.71,1.53,8.30,Not measured,LIB-MFD04-AS-02-1800-180,Small-scale,Beadbeating_time
MQ200131-152,MFD004,MFD04-AS,03,PowerSoil Pro HT,Activated sludge,Bead Beating,Fastprep-96,1800,180,3,0.6,0.6,B5,Bead Beating Time,B5,LJ004-Plate 0,16.63,11.50,1.78,1.54,7.48,Not measured,LIB-MFD04-AS-03-1800-180,Small-scale,Beadbeating_time
MQ200131-153,MFD004,BLANK,01,PowerSoil Pro HT,Blank,Bead Beating,Fastprep-96,1800,180,3,0,0,C5,Bead Beating Time,C5,LJ004-Plate 0,0.04,1.39,1.60,0.49,0.03,Not measured,LIB-BLANK-01-1800-180,Small-scale,Beadbeating_time
MQ200131-154,MFD004,MFD004-1,01,PowerSoil Pro HT,Organic,Bead Beating,Fastprep-96,1800,210,3.5,124.3,125,D5,Bead Beating Time,D5,LJ004-Plate 0,19.34,23.74,1.88,1.80,12.11,Not measured,LIB-MFD004-1-01-1800-210,Small-scale,Beadbeating_time
MQ200131-155,MFD004,MFD004-1,02,PowerSoil Pro HT,Organic,Bead Beating,Fastprep-96,1800,210,3.5,126.1,125,E5,Bead Beating Time,E5,LJ004-Plate 0,22.97,23.54,1.86,1.38,11.02,Not measured,LIB-MFD004-1-02-1800-210,Small-scale,Beadbeating_time
MQ200131-156,MFD004,MFD004-1,03,PowerSoil Pro HT,Organic,Bead Beating,Fastprep-96,1800,210,3.5,128.6,125,F5,Bead Beating Time,F5,LJ004-Plate 0,18.91,18.79,1.86,1.48,15.73,Not measured,LIB-MFD004-1-03-1800-210,Small-scale,Beadbeating_time
MQ200131-157,MFD004,MFD04-AS,01,PowerSoil Pro HT,Activated sludge,Bead Beating,Fastprep-96,1800,210,3.5,0.6,0.6,G5,Bead Beating Time,G5,LJ004-Plate 0,18.91,6.46,1.74,1.32,3.54,Not measured,LIB-MFD04-AS-01-1800-210,Small-scale,Beadbeating_time
MQ200131-158,MFD004,MFD04-AS,02,PowerSoil Pro HT,Activated sludge,Bead Beating,Fastprep-96,1800,210,3.5,0.6,0.6,H5,Bead Beating Time,H5,LJ004-Plate 0,15.27,10.26,1.82,1.60,6.91,Not measured,LIB-MFD04-AS-02-1800-210,Small-scale,Beadbeating_time
MQ200131-159,MFD004,MFD04-AS,03,PowerSoil Pro HT,Activated sludge,Bead Beating,Fastprep-96,1800,210,3.5,0.6,0.6,A6,Bead Beating Time,A6,LJ004-Plate 0,22.99,10.79,1.87,1.43,8.22,Not measured,LIB-MFD04-AS-03-1800-210,Small-scale,Beadbeating_time
MQ200131-160,MFD004,BLANK,01,PowerSoil Pro HT,Blank,Bead Beating,Fastprep-96,1800,210,3.5,0,0,B6,Bead Beating Time,B6,LJ004-Plate 0,0.08,1.38,1.38,0.37,0.05,Not measured,LIB-BLANK-01-1800-210,Small-scale,Beadbeating_time
MQ200131-161,MFD004,MFD004-1,01,PowerSoil Pro HT,Organic,Bead Beating,Fastprep-96,1800,240,4,118.4,125,C6,Bead Beating Time,C6,LJ004-Plate 0,20.91,21.93,1.90,1.43,11.82,Not measured,LIB-MFD004-1-01-1800-240,Small-scale,Beadbeating_time
MQ200131-162,MFD004,MFD004-1,02,PowerSoil Pro HT,Organic,Bead Beating,Fastprep-96,1800,240,4,124.3,125,D6,Bead Beating Time,D6,LJ004-Plate 0,22.50,17.87,1.84,1.64,16.22,Not measured,LIB-MFD004-1-02-1800-240,Small-scale,Beadbeating_time
MQ200131-163,MFD004,MFD004-1,03,PowerSoil Pro HT,Organic,Bead Beating,Fastprep-96,1800,240,4,124.2,125,E6,Bead Beating Time,E6,LJ004-Plate 0,22.23,22.11,1.85,1.76,18.55,Not measured,LIB-MFD004-1-03-1800-240,Small-scale,Beadbeating_time
MQ200131-164,MFD004,MFD04-AS,01,PowerSoil Pro HT,Activated sludge,Bead Beating,Fastprep-96,1800,240,4,0.6,0.6,F6,Bead Beating Time,F6,LJ004-Plate 0,23.42,5.41,1.94,1.00,4.05,Not measured,LIB-MFD04-AS-01-1800-240,Small-scale,Beadbeating_time
MQ200131-165,MFD004,MFD04-AS,02,PowerSoil Pro HT,Activated sludge,Bead Beating,Fastprep-96,1800,240,4,0.6,0.6,G6,Bead Beating Time,G6,LJ004-Plate 0,20.49,6.72,1.81,1.15,3.43,Not measured,LIB-MFD04-AS-02-1800-240,Small-scale,Beadbeating_time
MQ200131-166,MFD004,MFD04-AS,03,PowerSoil Pro HT,Activated sludge,Bead Beating,Fastprep-96,1800,240,4,0.6,0.6,H6,Bead Beating Time,H6,LJ004-Plate 0,18.21,15.11,1.83,1.62,13.05,Not measured,LIB-MFD04-AS-03-1800-240,Small-scale,Beadbeating_time
MQ200131-167,MFD004,BLANK,01,PowerSoil Pro HT,Blank,Bead Beating,Fastprep-96,1800,240,4,0,0,A7,Bead Beating Time,A7,LJ004-Plate 0,0.05,1.69,1.35,0.40,0.05,Not measured,LIB-BLANK-01-1800-240,Small-scale,Beadbeating_time
MQ200131-168,MFD004,MFD004-1,01,PowerSoil Pro HT,Organic,Bead Beating,Fastprep-96,1800,270,4.5,120.1,125,B7,Bead Beating Time,B7,LJ004-Plate 0,23.34,23.94,1.78,1.29,9.00,Not measured,LIB-MFD004-1-01-1800-270,Small-scale,Beadbeating_time
MQ200131-169,MFD004,MFD004-1,02,PowerSoil Pro HT,Organic,Bead Beating,Fastprep-96,1800,270,4.5,128.4,125,C7,Bead Beating Time,C7,LJ004-Plate 0,11.28,30.87,1.86,1.85,17.23,Not measured,LIB-MFD004-1-02-1800-270,Small-scale,Beadbeating_time
MQ200131-170,MFD004,MFD004-1,03,PowerSoil Pro HT,Organic,Bead Beating,Fastprep-96,1800,270,4.5,126.2,125,D7,Bead Beating Time,D7,LJ004-Plate 0,23.65,25.94,1.87,1.88,14.52,Not measured,LIB-MFD004-1-03-1800-270,Small-scale,Beadbeating_time
MQ200131-171,MFD004,MFD04-AS,01,PowerSoil Pro HT,Activated sludge,Bead Beating,Fastprep-96,1800,270,4.5,0.6,0.6,E7,Bead Beating Time,E7,LJ004-Plate 0,22.53,13.61,1.76,1.41,13.97,Not measured,LIB-MFD04-AS-01-1800-270,Small-scale,Beadbeating_time
MQ200131-172,MFD004,MFD04-AS,02,PowerSoil Pro HT,Activated sludge,Bead Beating,Fastprep-96,1800,270,4.5,0.6,0.6,F7,Bead Beating Time,F7,LJ004-Plate 0,19.09,18.38,1.86,1.54,20.89,Not measured,LIB-MFD04-AS-02-1800-270,Small-scale,Beadbeating_time
MQ200131-173,MFD004,MFD04-AS,03,PowerSoil Pro HT,Activated sludge,Bead Beating,Fastprep-96,1800,270,4.5,0.6,0.6,G7,Bead Beating Time,G7,LJ004-Plate 0,13.02,19.64,1.88,1.75,17.12,Not measured,LIB-MFD04-AS-03-1800-270,Small-scale,Beadbeating_time
MQ200131-174,MFD004,BLANK,01,PowerSoil Pro HT,Blank,Bead Beating,Fastprep-96,1800,270,4.5,0,0,H7,Bead Beating Time,H7,LJ004-Plate 0,0.03,1.64,1.21,0.43,0.05,Not measured,LIB-BLANK-01-1800-270,Small-scale,Beadbeating_time
MQ200131-175,MFD004,MFD004-1,01,PowerSoil Pro HT,Organic,Bead Beating,Fastprep-96,1800,300,5,122.4,125,A8,Bead Beating Time,A8,LJ004-Plate 0,21.70,22.16,1.92,2.34,37.03,Not measured,LIB-MFD004-1-01-1800-300,Small-scale,Beadbeating_time
MQ200131-176,MFD004,MFD004-1,02,PowerSoil Pro HT,Organic,Bead Beating,Fastprep-96,1800,300,5,118.1,125,B8,Bead Beating Time,B8,LJ004-Plate 0,22.09,24.31,1.88,1.84,20.80,Not measured,LIB-MFD004-1-02-1800-300,Small-scale,Beadbeating_time
MQ200131-177,MFD004,MFD004-1,03,PowerSoil Pro HT,Organic,Bead Beating,Fastprep-96,1800,300,5,130.3,125,C8,Bead Beating Time,C8,LJ004-Plate 0,23.17,14.33,1.77,1.38,16.54,Not measured,LIB-MFD004-1-03-1800-300,Small-scale,Beadbeating_time
MQ200131-178,MFD004,MFD04-AS,01,PowerSoil Pro HT,Activated sludge,Bead Beating,Fastprep-96,1800,300,5,0.6,0.6,D8,Bead Beating Time,D8,LJ004-Plate 0,22.83,7.38,1.68,1.26,5.48,Not measured,LIB-MFD04-AS-01-1800-300,Small-scale,Beadbeating_time
MQ200131-179,MFD004,MFD04-AS,02,PowerSoil Pro HT,Activated sludge,Bead Beating,Fastprep-96,1800,300,5,0.6,0.6,E8,Bead Beating Time,E8,LJ004-Plate 0,18.26,17.22,1.80,1.54,11.52,Not measured,LIB-MFD04-AS-02-1800-300,Small-scale,Beadbeating_time
MQ200131-180,MFD004,MFD04-AS,03,PowerSoil Pro HT,Activated sludge,Bead Beating,Fastprep-96,1800,300,5,0.6,0.6,F8,Bead Beating Time,F8,LJ004-Plate 0,23.82,13.58,1.83,1.33,9.85,Not measured,LIB-MFD04-AS-03-1800-300,Small-scale,Beadbeating_time
MQ200131-181,MFD004,BLANK,01,PowerSoil Pro HT,Blank,Bead Beating,Fastprep-96,1800,300,5,0,0,G8,Bead Beating Time,G8,LJ004-Plate 0,0.07,1.73,1.15,0.30,0.04,Not measured,LIB-BLANK-01-1800-300,Small-scale,Beadbeating_time
MQ200131-182,MFD004,MFD004-1,01,PowerSoil Pro HT,Organic,Bead Beating,Fastprep-96,1800,360,6,118.3,125,H8,Bead Beating Time,H8,LJ004-Plate 0,17.06,33.39,1.86,1.72,17.48,Not measured,LIB-MFD004-1-01-1800-360,Small-scale,Beadbeating_time
MQ200131-183,MFD004,MFD004-1,02,PowerSoil Pro HT,Organic,Bead Beating,Fastprep-96,1800,360,6,126.8,125,A9,Bead Beating Time,A9,LJ004-Plate 0,19.47,35.98,1.88,1.88,21.75,Not measured,LIB-MFD004-1-02-1800-360,Small-scale,Beadbeating_time
MQ200131-184,MFD004,MFD004-1,03,PowerSoil Pro HT,Organic,Bead Beating,Fastprep-96,1800,360,6,125.2,125,B9,Bead Beating Time,B9,LJ004-Plate 0,22.99,6.15,1.51,1.00,3.42,Not measured,LIB-MFD004-1-03-1800-360,Small-scale,Beadbeating_time
MQ200131-185,MFD004,MFD04-AS,01,PowerSoil Pro HT,Activated sludge,Bead Beating,Fastprep-96,1800,360,6,0.6,0.6,C9,Bead Beating Time,C9,LJ004-Plate 0,22.37,13.83,1.78,1.53,13.51,Not measured,LIB-MFD04-AS-01-1800-360,Small-scale,Beadbeating_time
MQ200131-186,MFD004,MFD04-AS,02,PowerSoil Pro HT,Activated sludge,Bead Beating,Fastprep-96,1800,360,6,0.6,0.6,D9,Bead Beating Time,D9,LJ004-Plate 0,20.76,9.57,1.76,1.44,5.01,Not measured,LIB-MFD04-AS-02-1800-360,Small-scale,Beadbeating_time
MQ200131-187,MFD004,MFD04-AS,03,PowerSoil Pro HT,Activated sludge,Bead Beating,Fastprep-96,1800,360,6,0.6,0.6,E9,Bead Beating Time,E9,LJ004-Plate 0,22.43,16.39,1.84,1.68,10.67,Not measured,LIB-MFD04-AS-03-1800-360,Small-scale,Beadbeating_time
MQ200131-188,MFD004,BLANK,01,PowerSoil Pro HT,Blank,Bead Beating,Fastprep-96,1800,360,6,0,0,F9,Bead Beating Time,F9,LJ004-Plate 0,0.06,2.15,1.37,0.49,0.03,Not measured,LIB-BLANK-01-1800-360,Small-scale,Beadbeating_time
MQ200131-189,MFD004,MFD004-1,01,PowerSoil Pro HT,Organic,Bead Beating,Fastprep-96,1800,420,7,117.6,125,G9,Bead Beating Time,G9,LJ004-Plate 0,19.44,26.83,1.88,1.81,32.56,Not measured,LIB-MFD004-1-01-1800-420,Small-scale,Beadbeating_time
MQ200131-190,MFD004,MFD004-1,02,PowerSoil Pro HT,Organic,Bead Beating,Fastprep-96,1800,420,7,121.4,125,H9,Bead Beating Time,H9,LJ004-Plate 0,17.02,9.67,1.74,1.12,6.09,Not measured,LIB-MFD004-1-02-1800-420,Small-scale,Beadbeating_time
MQ200131-191,MFD004,MFD004-1,03,PowerSoil Pro HT,Organic,Bead Beating,Fastprep-96,1800,420,7,122.2,125,A10,Bead Beating Time,A10,LJ004-Plate 0,21.85,22.47,1.84,1.77,15.32,Not measured,LIB-MFD004-1-03-1800-420,Small-scale,Beadbeating_time
MQ200131-192,MFD004,MFD04-AS,01,PowerSoil Pro HT,Activated sludge,Bead Beating,Fastprep-96,1800,420,7,0.6,0.6,B10,Bead Beating Time,B10,LJ004-Plate 0,21.10,19.84,1.75,1.61,9.15,Not measured,LIB-MFD04-AS-01-1800-420,Small-scale,Beadbeating_time
MQ200131-193,MFD004,MFD04-AS,02,PowerSoil Pro HT,Activated sludge,Bead Beating,Fastprep-96,1800,420,7,0.6,0.6,C10,Bead Beating Time,C10,LJ004-Plate 0,18.84,14.52,1.76,1.54,6.19,Not measured,LIB-MFD04-AS-02-1800-420,Small-scale,Beadbeating_time
MQ200131-194,MFD004,MFD04-AS,03,PowerSoil Pro HT,Activated sludge,Bead Beating,Fastprep-96,1800,420,7,0.6,0.6,D10,Bead Beating Time,D10,LJ004-Plate 0,21.22,10.41,1.72,1.39,4.30,Not measured,LIB-MFD04-AS-03-1800-420,Small-scale,Beadbeating_time
MQ200131-195,,Plate1-PCR-POS,01,,PCR-POS,,,,,,,,,,F10,LJ004-Plate 0,0.09,,,,,Not measured,LIB-Plate1-PCR-POS-01,Small-scale,Beadbeating_time
MQ200131-196,,Plate1-PCR-NEG,01,,PCR-NEG,,,,,,,,,,G10,LJ004-Plate 0,21.77,,,,,Not measured,LIB-Plate1-PCR-NEG-01,Small-scale,Beadbeating_time
MFD004-1-F1-MJ362-A4-02,MFD004,MFD004-1,F1,PowerSoil Pro HT,Organic,Bead Beating,Fastprep-96,1600,360,6,124.5,125,C12,Bead Beating Optimization P1,A4,Small_v_full,5.37,24.65,1.83,1.77,18.88,10230,LIB-MFD004-1-1600-F1,Full-scale,Small_v_full_metagenome
MFD004-1-F2-MJ362-B4-02,MFD004,MFD004-1,F2,PowerSoil Pro HT,Organic,Bead Beating,Fastprep-96,1600,360,6,125.6,125,D12,Bead Beating Optimization P1,B4,Small_v_full,11.76,26.55,1.86,1.98,21.89,9791,LIB-MFD004-1-1600-F2,Full-scale,Small_v_full_metagenome
MFD004-1-F3-MJ362-C4-02,MFD004,MFD004-1,F3,PowerSoil Pro HT,Organic,Bead Beating,Fastprep-96,1600,360,6,126.5,125,A9,Bead Beating Optimization P1,C4,Small_v_full,10.82,27.89,1.87,1.50,21.13,9296,LIB-MFD004-1-1600-F3,Full-scale,Small_v_full_metagenome
MFD004-1-S1-MJ362-A8-02,MFD004,MFD004-1,S1,PowerSoil Pro HT,Organic,Bead Beating,Fastprep-96,1600,360,6,124.5,125,C12,Bead Beating Optimization P1,A8,Small_v_full,1.02,24.65,1.83,1.77,18.88,10230,LIB-MFD004-1-1600-S1,Small-scale,Small_v_full_metagenome
MFD004-1-S2-MJ362-B8-02,MFD004,MFD004-1,S2,PowerSoil Pro HT,Organic,Bead Beating,Fastprep-96,1600,360,6,125.6,125,D12,Bead Beating Optimization P1,B8,Small_v_full,0.56,26.55,1.86,1.98,21.89,9791,LIB-MFD004-1-1600-S2,Small-scale,Small_v_full_metagenome
MFD004-1-S3-MJ362-C8-02,MFD004,MFD004-1,S3,PowerSoil Pro HT,Organic,Bead Beating,Fastprep-96,1600,360,6,126.5,125,A9,Bead Beating Optimization P2,C8,Small_v_full,0.69,27.89,1.87,1.50,21.13,9296,LIB-MFD004-1-1600-S3,Small-scale,Small_v_full_metagenome
MFD004-2-F1-MJ362-A9-02,MFD004,MFD004-2,F1,PowerSoil Pro HT,Sand-Clay,Bead Beating,Fastprep-96,1800,360,6,126.6,125,C3,Benchmarking V1.2,A9,Small_v_full,18.40,56.70,1.84,1.37,70.36,Not measured,LIB-MFD004-2-1800-F1,Full-scale,Small_v_full_metagenome
MFD004-2-F2-MJ362-B9-02,MFD004,MFD004-2,F2,PowerSoil Pro HT,Sand-Clay,Bead Beating,Fastprep-96,1800,360,6,125.2,125,D3,Benchmarking V1.2,B9,Small_v_full,21.30,46.77,1.82,1.63,63.06,Not measured,LIB-MFD004-2-1800-F2,Full-scale,Small_v_full_metagenome
MFD004-2-F3-MJ362-C9-02,MFD004,MFD004-2,F3,PowerSoil Pro HT,Sand-Clay,Bead Beating,Fastprep-96,1800,360,6,132,125,E3,Benchmarking V1.2,C9,Small_v_full,19.70,59.87,1.84,1.81,55.57,Not measured,LIB-MFD004-2-1800-F3,Full-scale,Small_v_full_metagenome
MFD004-2-S1-MJ362-D9-02,MFD004,MFD004-2,S1,PowerSoil Pro HT,Sand-Clay,Bead Beating,Fastprep-96,1800,360,6,126.6,125,C3,Benchmarking V1.2,D9,Small_v_full,0.26,56.70,1.84,1.37,70.36,Not measured,LIB-MFD004-2-1800-S1,Small-scale,Small_v_full_metagenome
MFD004-2-S2-MJ362-E9-02,MFD004,MFD004-2,S2,PowerSoil Pro HT,Sand-Clay,Bead Beating,Fastprep-96,1800,360,6,125.2,125,D3,Benchmarking V1.2,E9,Small_v_full,0.30,46.77,1.82,1.63,63.06,Not measured,LIB-MFD004-2-1800-S2,Small-scale,Small_v_full_metagenome
MFD004-2-S3-MJ362-F9-02,MFD004,MFD004-2,S3,PowerSoil Pro HT,Sand-Clay,Bead Beating,Fastprep-96,1800,360,6,132,125,E3,Benchmarking V1.2,F9,Small_v_full,0.29,59.87,1.84,1.81,55.57,Not measured,LIB-MFD004-2-1800-S3,Small-scale,Small_v_full_metagenome
MFD004-3-F1-MJ362-D4-02,MFD004,MFD004-3,F1,PowerSoil Pro HT,Sand,Bead Beating,Fastprep-96,1600,360,6,125.1,125,B9,Bead Beating Optimization P2,D4,Small_v_full,11.22,13.34,1.86,1.79,11.29,10706,LIB-MFD004-3-1600-F1,Full-scale,Small_v_full_metagenome
MFD004-3-F2-MJ362-E4-02,MFD004,MFD004-3,F2,PowerSoil Pro HT,Sand,Bead Beating,Fastprep-96,1600,360,6,126.3,125,C9,Bead Beating Optimization P2,E4,Small_v_full,13.97,14.58,1.91,1.70,13.47,12929,LIB-MFD004-3-1600-F2,Full-scale,Small_v_full_metagenome
MFD004-3-F3-MJ362-F4-02,MFD004,MFD004-3,F3,PowerSoil Pro HT,Sand,Bead Beating,Fastprep-96,1600,360,6,117.5,125,D9,Bead Beating Optimization P2,F4,Small_v_full,5.20,10.05,1.79,1.82,8.33,13312,LIB-MFD004-3-1600-F3,Full-scale,Small_v_full_metagenome
MFD004-3-S1-MJ362-D8-02,MFD004,MFD004-3,S1,PowerSoil Pro HT,Sand,Bead Beating,Fastprep-96,1600,360,6,125.1,125,B9,Bead Beating Optimization P2,D8,Small_v_full,0.72,13.34,1.86,1.79,11.29,10706,LIB-MFD004-3-1600-S1,Small-scale,Small_v_full_metagenome
MFD004-3-S2-MJ362-E8-02,MFD004,MFD004-3,S2,PowerSoil Pro HT,Sand,Bead Beating,Fastprep-96,1600,360,6,126.3,125,C9,Bead Beating Optimization P2,E8,Small_v_full,0.79,14.58,1.91,1.70,13.47,12929,LIB-MFD004-3-1600-S2,Small-scale,Small_v_full_metagenome
MFD004-3-S3-MJ362-F8-02,MFD004,MFD004-3,S3,PowerSoil Pro HT,Sand,Bead Beating,Fastprep-96,1600,360,6,117.5,125,D9,Bead Beating Optimization P2,F8,Small_v_full,0.54,10.05,1.79,1.82,8.33,13312,LIB-MFD004-3-1600-S3,Small-scale,Small_v_full_metagenome
MFD004-4-F1-MJ362-G4-02,MFD004,MFD004-4,F1,PowerSoil Pro HT,Clay,Bead Beating,Fastprep-96,1600,360,6,125.7,125,E10,Bead Beating Optimization P2,G4,Small_v_full,6.98,49.96,1.92,2.14,44.39,10455,LIB-MFD004-4-1600-F1,Full-scale,Small_v_full_metagenome
MFD004-4-F2-MJ362-H4-02,MFD004,MFD004-4,F2,PowerSoil Pro HT,Clay,Bead Beating,Fastprep-96,1600,360,6,120.7,125,F10,Bead Beating Optimization P2,H4,Small_v_full,10.02,43.11,1.91,2.09,40.73,10589,LIB-MFD004-4-1600-F2,Full-scale,Small_v_full_metagenome
MFD004-4-F3-MJ362-A5-02,MFD004,MFD004-4,F3,PowerSoil Pro HT,Clay,Bead Beating,Fastprep-96,1600,360,6,119.3,125,G10,Bead Beating Optimization P2,A5,Small_v_full,4.69,54.37,1.92,2.13,53.35,9407,LIB-MFD004-4-1600-F3,Full-scale,Small_v_full_metagenome
MFD004-4-S1-MJ362-G8-02,MFD004,MFD004-4,S1,PowerSoil Pro HT,Clay,Bead Beating,Fastprep-96,1600,360,6,125.7,125,E10,Bead Beating Optimization P2,G8,Small_v_full,0.52,49.96,1.92,2.14,44.39,10455,LIB-MFD004-4-1600-S1,Small-scale,Small_v_full_metagenome
MFD004-4-S2-MJ362-H8-02,MFD004,MFD004-4,S2,PowerSoil Pro HT,Clay,Bead Beating,Fastprep-96,1600,360,6,120.7,125,F10,Bead Beating Optimization P2,H8,Small_v_full,0.62,43.11,1.91,2.09,40.73,10589,LIB-MFD004-4-1600-S2,Small-scale,Small_v_full_metagenome
MFD004-4-S3-MJ362-A9-02,MFD004,MFD004-4,S3,PowerSoil Pro HT,Clay,Bead Beating,Fastprep-96,1600,360,6,119.3,125,G10,Bead Beating Optimization P2,A9,Small_v_full,0.01,54.37,1.92,2.13,53.35,9407,LIB-MFD004-4-1600-S3,Small-scale,Small_v_full_metagenome
MFD004-5-F1-MJ362-A10-02,MFD004,MFD004-5,F1,PowerSoil Pro HT,Beach Sand,Bead Beating,Fastprep-96,1800,360,6,127,125,D4,Benchmarking V1.2,A10,Small_v_full,19.30,2.39,1.26,0.52,1.93,Not measured,LIB-MFD004-5-1800-F1,Full-scale,Small_v_full_metagenome
MFD004-5-F2-MJ362-B10-02,MFD004,MFD004-5,F2,PowerSoil Pro HT,Beach Sand,Bead Beating,Fastprep-96,1800,360,6,130.9,125,E4,Benchmarking V1.2,B10,Small_v_full,24.00,1.66,1.13,0.47,1.43,Not measured,LIB-MFD004-5-1800-F2,Full-scale,Small_v_full_metagenome
MFD004-5-F3-MJ362-C10-02,MFD004,MFD004-5,F3,PowerSoil Pro HT,Beach Sand,Bead Beating,Fastprep-96,1800,360,6,121.3,125,F4,Benchmarking V1.2,C10,Small_v_full,21.00,3.10,1.24,0.66,0.71,Not measured,LIB-MFD004-5-1800-F3,Full-scale,Small_v_full_metagenome
MFD004-5-S1-MJ362-D10-02,MFD004,MFD004-5,S1,PowerSoil Pro HT,Beach Sand,Bead Beating,Fastprep-96,1800,360,6,127,125,D4,Benchmarking V1.2,D10,Small_v_full,1.81,2.39,1.26,0.52,1.93,Not measured,LIB-MFD004-5-1800-S1,Small-scale,Small_v_full_metagenome
MFD004-5-S2-MJ362-E10-02,MFD004,MFD004-5,S2,PowerSoil Pro HT,Beach Sand,Bead Beating,Fastprep-96,1800,360,6,130.9,125,E4,Benchmarking V1.2,E10,Small_v_full,0.86,1.66,1.13,0.47,1.43,Not measured,LIB-MFD004-5-1800-S2,Small-scale,Small_v_full_metagenome
MFD004-5-S3-MJ362-F10-02,MFD004,MFD004-5,S3,PowerSoil Pro HT,Beach Sand,Bead Beating,Fastprep-96,1800,360,6,121.3,125,F4,Benchmarking V1.2,F10,Small_v_full,1.74,3.10,1.24,0.66,0.71,Not measured,LIB-MFD004-5-1800-S3,Small-scale,Small_v_full_metagenome
MFD004-PCR-NEG-F-B5-02,,Plate1-PCR-NEG,F1,,PCR-NEG,,,,,,,,,,B5,Small_v_full,0.13,,,,,Not measured,LIB-Plate1-PCR-NEG-F1,Full-scale,Small_v_full_metagenome
MFD004-PCR-NEG-S-B9-02,,Plate1-PCR-NEG,S1,,PCR-NEG,,,,,,,,,,B9,Small_v_full,0.01,,,,,Not measured,LIB-Plate1-PCR-NEG-S1,Full-scale,Small_v_full_metagenome
MFD004-PCR-POS-F-C5-02,,Plate1-PCR-POS,F1,,PCR-POS,,,,,,,,,,C5,Small_v_full,8.12,,,,,Not measured,LIB-Plate1-PCR-POS-F1,Small-scale,Small_v_full_metagenome
MFD004-PCR-POS-S-C9-02,,Plate1-PCR-POS,S1,,PCR-POS,,,,,,,,,,C9,Small_v_full,2.06,,,,,Not measured,LIB-Plate1-PCR-POS-S1,Small-scale,Small_v_full_metagenome
MQ200131-60,MFD004,MFD004-1,S1,PowerSoil Pro HT,Organic,Bead Beating,Fastprep-96,1800,360,6,120.2,125,Tube,Tube,A1,LJ004-Plate 2,16.30,24.55,1.94,1.99,15.33,Not measured,LIB-MFD004-1-1800-S1,Small-scale,Small_v_full_amplicon
MQ200131-61,MFD004,MFD004-1,S2,PowerSoil Pro HT,Organic,Bead Beating,Fastprep-96,1800,360,6,127.8,125,Tube,Tube,B1,LJ004-Plate 2,17.62,25.75,1.91,1.38,14.64,Not measured,LIB-MFD004-1-1800-S2,Small-scale,Small_v_full_amplicon
MQ200131-62,MFD004,MFD004-1,S3,PowerSoil Pro HT,Organic,Bead Beating,Fastprep-96,1800,360,6,126.7,125,Tube,Tube,C1,LJ004-Plate 2,12.61,25.90,1.94,2.02,13.68,Not measured,LIB-MFD004-1-1800-S3,Small-scale,Small_v_full_amplicon
MQ200131-63,MFD004,MFD004-2,S1,PowerSoil Pro HT,Sand-Clay,Bead Beating,Fastprep-96,1800,360,6,126.6,125,Tube,Tube,D1,LJ004-Plate 2,15.18,18.81,1.95,1.56,11.26,Not measured,LIB-MFD004-2-1800-S1,Small-scale,Small_v_full_amplicon
MQ200131-64,MFD004,MFD004-2,S2,PowerSoil Pro HT,Sand-Clay,Bead Beating,Fastprep-96,1800,360,6,125.2,125,Tube,Tube,E1,LJ004-Plate 2,15.30,22.70,1.88,1.81,8.90,Not measured,LIB-MFD004-2-1800-S2,Small-scale,Small_v_full_amplicon
MQ200131-65,MFD004,MFD004-2,S3,PowerSoil Pro HT,Sand-Clay,Bead Beating,Fastprep-96,1800,360,6,132,125,Tube,Tube,F1,LJ004-Plate 2,16.51,20.66,1.88,1.63,11.13,Not measured,LIB-MFD004-2-1800-S3,Small-scale,Small_v_full_amplicon
MQ200131-66,MFD004,MFD004-3,S1,PowerSoil Pro HT,Sand,Bead Beating,Fastprep-96,1800,360,6,124.1,125,Tube,Tube,G1,LJ004-Plate 2,24.57,22.08,1.91,1.16,10.58,Not measured,LIB-MFD004-3-1800-S1,Small-scale,Small_v_full_amplicon
MQ200131-67,MFD004,MFD004-3,S2,PowerSoil Pro HT,Sand,Bead Beating,Fastprep-96,1800,360,6,121.9,125,Tube,Tube,H1,LJ004-Plate 2,21.88,13.74,1.92,1.87,13.95,Not measured,LIB-MFD004-3-1800-S2,Small-scale,Small_v_full_amplicon
MQ200131-68,MFD004,MFD004-3,S3,PowerSoil Pro HT,Sand,Bead Beating,Fastprep-96,1800,360,6,130.9,125,Tube,Tube,A2,LJ004-Plate 2,13.07,11.74,1.90,1.73,10.02,Not measured,LIB-MFD004-3-1800-S3,Small-scale,Small_v_full_amplicon
MQ200131-69,MFD004,MFD004-4,S1,PowerSoil Pro HT,Clay,Bead Beating,Fastprep-96,1800,360,6,126.5,125,Tube,Tube,B2,LJ004-Plate 2,18.87,84.47,1.92,2.15,26.40,Not measured,LIB-MFD004-4-1800-S1,Small-scale,Small_v_full_amplicon
MQ200131-70,MFD004,MFD004-4,S2,PowerSoil Pro HT,Clay,Bead Beating,Fastprep-96,1800,360,6,117.5,125,Tube,Tube,C2,LJ004-Plate 2,15.82,66.89,1.91,2.13,54.38,Not measured,LIB-MFD004-4-1800-S2,Small-scale,Small_v_full_amplicon
MQ200131-71,MFD004,MFD004-4,S3,PowerSoil Pro HT,Clay,Bead Beating,Fastprep-96,1800,360,6,129.7,125,Tube,Tube,D2,LJ004-Plate 2,20.68,83.57,1.92,2.16,24.20,Not measured,LIB-MFD004-4-1800-S3,Small-scale,Small_v_full_amplicon
MQ200131-72,MFD004,MFD004-5,S1,PowerSoil Pro HT,Beach Sand,Bead Beating,Fastprep-96,1800,360,6,127,125,Tube,Tube,E2,LJ004-Plate 2,9.18,2.11,1.61,0.99,1.06,Not measured,LIB-MFD004-5-1800-S1,Small-scale,Small_v_full_amplicon
MQ200131-73,MFD004,MFD004-5,S2,PowerSoil Pro HT,Beach Sand,Bead Beating,Fastprep-96,1800,360,6,130.9,125,Tube,Tube,F2,LJ004-Plate 2,10.16,2.16,1.82,0.95,1.64,Not measured,LIB-MFD004-5-1800-S2,Small-scale,Small_v_full_amplicon
MQ200131-74,MFD004,MFD004-5,S3,PowerSoil Pro HT,Beach Sand,Bead Beating,Fastprep-96,1800,360,6,121.3,125,Tube,Tube,G2,LJ004-Plate 2,11.11,1.91,1.94,0.91,1.34,Not measured,LIB-MFD004-5-1800-S3,Small-scale,Small_v_full_amplicon
MQ200131-75,MFD004,MFD004-AS,S1,PowerSoil Pro HT,Activated sludge,Bead Beating,Fastprep-96,1800,360,6,0.6,0.6,Tube,Tube,H2,LJ004-Plate 2,15.24,17.56,1.89,1.74,17.03,Not measured,LIB-MFD004-AS-1800-S1,Small-scale,Small_v_full_amplicon
MQ200131-76,MFD004,MFD004-AS,S2,PowerSoil Pro HT,Activated sludge,Bead Beating,Fastprep-96,1800,360,6,0.6,0.6,Tube,Tube,A3,LJ004-Plate 2,29.38,16.41,1.91,1.38,20.34,Not measured,LIB-MFD004-AS-1800-S2,Small-scale,Small_v_full_amplicon
MQ200131-77,MFD004,MFD004-AS,S3,PowerSoil Pro HT,Activated sludge,Bead Beating,Fastprep-96,1800,360,6,0.6,0.6,Tube,Tube,B3,LJ004-Plate 2,28.41,15.88,1.93,1.93,18.70,Not measured,LIB-MFD004-AS-1800-S3,Small-scale,Small_v_full_amplicon
MQ200131-78,MFD004,BLANK,S1,PowerSoil Pro HT,Blank,Bead Beating,Fastprep-96,1800,360,6,0,0,Tube,Tube,C3,LJ004-Plate 2,0.00,1.39,2.21,0.57,0.02,Not measured,LIB-BLANK-1800-S1,Small-scale,Small_v_full_amplicon
MQ200131-117,,Plate2-PCR-POS,S1,,PCR-POS,,,,,,,,,,B8,LJ004-Plate 2,,,,,,Not measured,LIB-Plate2-PCR-POS-S1,Small-scale,Small_v_full_amplicon
MQ200131-118,,Plate2-PCR-NEG,S1,,PCR-NEG,,,,,,,,,,C8,LJ004-Plate 2,,,,,,Not measured,LIB-Plate2-PCR-NEG-S1,Small-scale,Small_v_full_amplicon
MQ191115-321,MFD004,MFD004-1,F1,PowerSoil Pro HT,Organic,Bead Beating,Fastprep-96,1800,360,6,123.6,125,B4,EJ006,E11,LJ003-Plate 1,15.57,79.69,1.88,2.09,90.49,Not measured,LIB-MFD004-1-1800-F1,Full-scale,Small_v_full_amplicon
MQ191115-322,MFD004,MFD004-1,F2,PowerSoil Pro HT,Organic,Bead Beating,Fastprep-96,1800,360,6,127.3,125,C4,EJ006,F11,LJ003-Plate 1,16.35,152.64,1.82,1.57,158.39,Not measured,LIB-MFD004-1-1800-F2,Full-scale,Small_v_full_amplicon
MQ191115-323,MFD004,MFD004-1,F3,PowerSoil Pro HT,Organic,Bead Beating,Fastprep-96,1800,360,6,128.8,125,D4,EJ006,G11,LJ003-Plate 1,12.15,135.06,1.80,1.50,111.13,Not measured,LIB-MFD004-1-1800-F3,Full-scale,Small_v_full_amplicon
MQ191115-324,MFD004,MFD004-2,F1,PowerSoil Pro HT,Sand-Clay,Bead Beating,Fastprep-96,1800,360,6,123.9,125,E4,EJ006,H11,LJ003-Plate 1,8.72,56.70,1.84,1.37,70.36,Not measured,LIB-MFD004-2-1800-F1,Full-scale,Small_v_full_amplicon
MQ191115-325,MFD004,MFD004-2,F2,PowerSoil Pro HT,Sand-Clay,Bead Beating,Fastprep-96,1800,360,6,125.7,125,F4,EJ006,A12,LJ003-Plate 1,11.29,46.77,1.82,1.63,63.06,Not measured,LIB-MFD004-2-1800-F2,Full-scale,Small_v_full_amplicon
MQ191115-326,MFD004,MFD004-2,F3,PowerSoil Pro HT,Sand-Clay,Bead Beating,Fastprep-96,1800,360,6,121.6,125,G4,EJ006,B12,LJ003-Plate 1,11.54,59.87,1.84,1.81,55.57,Not measured,LIB-MFD004-2-1800-F3,Full-scale,Small_v_full_amplicon
MQ191115-327,MFD004,MFD004-3,F1,PowerSoil Pro HT,Sand,Bead Beating,Fastprep-96,1800,360,6,123.5,125,H4,EJ006,C12,LJ003-Plate 1,12.56,54.02,1.88,1.92,35.77,Not measured,LIB-MFD004-3-1800-F1,Full-scale,Small_v_full_amplicon
MQ191115-328,MFD004,MFD004-3,F2,PowerSoil Pro HT,Sand,Bead Beating,Fastprep-96,1800,360,6,121.4,125,A5,EJ006,D12,LJ003-Plate 1,13.81,31.80,1.82,1.84,39.69,Not measured,LIB-MFD004-3-1800-F2,Full-scale,Small_v_full_amplicon
MQ191115-329,MFD004,MFD004-3,F3,PowerSoil Pro HT,Sand,Bead Beating,Fastprep-96,1800,360,6,128,125,B5,EJ006,E12,LJ003-Plate 1,11.59,48.17,1.86,1.86,82.48,Not measured,LIB-MFD004-3-1800-F3,Full-scale,Small_v_full_amplicon
MQ191115-330,MFD004,MFD004-4,F1,PowerSoil Pro HT,Clay,Bead Beating,Fastprep-96,1800,360,6,119.4,125,C5,EJ006,F12,LJ003-Plate 1,17.46,146.48,1.90,2.11,122.08,Not measured,LIB-MFD004-4-1800-F1,Full-scale,Small_v_full_amplicon
MQ191115-331,,Plate1-PCR-POS,F1,,PCR-POS,Bead Beating,Fastprep-96,,,,,,,EJ006,G12,LJ003-Plate 1,14.99,,,,,Not measured,LIB-Plate1-PCR-POS-F1,Full-scale,Small_v_full_amplicon
MQ191115-332,,Plate1-PCR-NEG,F1,,PCR-NEG,Bead Beating,Fastprep-96,,,,,,,EJ006,H12,LJ003-Plate 1,0.02,,,,,Not measured,LIB-Plate1-PCR-NEG-F1,Full-scale,Small_v_full_amplicon
MQ191115-333,MFD004,MFD004-4,F2,PowerSoil Pro HT,Clay,Bead Beating,Fastprep-96,1800,360,6,124.3,125,F5,EJ006,A1,LJ003-Plate 1,4.10,164.39,1.90,2.14,154.67,Not measured,LIB-MFD004-4-1800-F2,Full-scale,Small_v_full_amplicon
MQ191115-334,MFD004,MFD004-4,F3,PowerSoil Pro HT,Clay,Bead Beating,Fastprep-96,1800,360,6,123.8,125,G5,EJ006,B1,LJ003-Plate 2,4.96,173.82,1.90,2.11,164.06,Not measured,LIB-MFD004-4-1800-F3,Full-scale,Small_v_full_amplicon
MQ191115-335,MFD004,MFD004-5,F1,PowerSoil Pro HT,Beach Sand,Bead Beating,Fastprep-96,1800,360,6,124.6,125,H5,EJ006,C1,LJ003-Plate 2,5.29,2.39,1.26,0.52,1.93,Not measured,LIB-MFD004-5-1800-F1,Full-scale,Small_v_full_amplicon
MQ191115-336,MFD004,MFD004-5,F2,PowerSoil Pro HT,Beach Sand,Bead Beating,Fastprep-96,1800,360,6,122.4,125,A6,EJ006,D1,LJ003-Plate 2,3.04,1.66,1.13,0.47,1.43,Not measured,LIB-MFD004-5-1800-F2,Full-scale,Small_v_full_amplicon
MQ191115-337,MFD004,MFD004-5,F3,PowerSoil Pro HT,Beach Sand,Bead Beating,Fastprep-96,1800,360,6,123.3,125,B6,EJ006,E1,LJ003-Plate 2,3.43,3.10,1.24,0.66,0.71,Not measured,LIB-MFD004-5-1800-F3,Full-scale,Small_v_full_amplicon
MQ191115-315,MFD004,MFD004-AS,F1,PowerSoil Pro HT,Activated sludge,Bead Beating,Fastprep-96,1800,360,6,0.6,0.6,D3,EJ006,G10,LJ003-Plate 2,12.06,55.14,1.88,2.01,27.77,Not measured,LIB-MFD004-AS-1800-F1,Full-scale,Small_v_full_amplicon
MQ191115-316,MFD004,MFD004-AS,F2,PowerSoil Pro HT,Activated sludge,Bead Beating,Fastprep-96,1800,360,6,0.6,0.6,E3,EJ006,H10,LJ003-Plate 1,8.44,49.80,1.87,1.99,36.30,Not measured,LIB-MFD004-AS-1800-F2,Full-scale,Small_v_full_amplicon
MQ191115-317,MFD004,MFD004-AS,F3,PowerSoil Pro HT,Activated sludge,Bead Beating,Fastprep-96,1800,360,6,0.6,0.6,F3,EJ006,A11,LJ003-Plate 1,11.77,32.59,1.86,1.86,49.97,Not measured,LIB-MFD004-AS-1800-F3,Full-scale,Small_v_full_amplicon
MQ191115-318,MFD004,BLANK,F1,PowerSoil Pro HT,Blank,Bead Beating,Fastprep-96,1800,360,6,0,,G3,EJ006,B11,LJ003-Plate 1,0.02,2.02,1.04,0.48,0.19,Not measured,LIB-BLANK-1800-F1,Full-scale,Small_v_full_amplicon
MQ191115-319,MFD004,BLANK,F2,PowerSoil Pro HT,Blank,Bead Beating,Fastprep-96,1800,360,6,0,,H3,EJ006,C11,LJ003-Plate 1,0.02,3.77,1.24,0.56,0.31,Not measured,LIB-BLANK-1800-F2,Full-scale,Small_v_full_amplicon
MQ191115-320,MFD004,BLANK,F3,PowerSoil Pro HT,Blank,Bead Beating,Fastprep-96,1800,360,6,0,,A4,EJ006,D11,LJ003-Plate 1,0.03,1.95,1.14,0.48,0.75,Not measured,LIB-BLANK-1800-F3,Full-scale,Small_v_full_amplicon
,,,,,,,,,,,,,,,,,,,,,,,,,
,,,,,,,,,,,,,,,,,,,,,,,,,
,,,,,,,,,,,,,,,,,,,,,,,,,
,,,,,,,,,,,,,,,,,,,,,,,,,
,,,,,,,,,,,,,,,,,,,,,,,,,
,,,,,,,,,,,,,,,,,,,,,,,,,
,,,,,,,,,,,,,,,,,,,,,,,,,
,,,,,,,,,,,,,,,,,,,,,,,,,
,,,,,,,,,,,,,,,,,,,,,,,,,
,,,,,,,,,,,,,,,,,,,,,,,,,
,,,,,,,,,,,,,,,,,,,,,,,,,
,,,,,,,,,,,,,,,,,,,,,,,,,
,,,,,,,,,,,,,,,,,,,,,,,,,
,,,,,,,,,,,,,,,,,,,,,,,,,
,,,,,,,,,,,,,,,,,,,,,,,,,
,,,,,,,,,,,,,,,,,,,,,,,,,
,,,,,,,,,,,,,,,,,,,,,,,,,
,,,,,,,,,,,,,,,,,,,,,,,,,
,,,,,,,,,,,,,,,,,,,,,,,,,
,,,,,,,,,,,,,,,,,,,,,,,,,
,,,,,,,,,,,,,,,,,,,,,,,,,
,,,,,,,,,,,,,,,,,,,,,,,,,
,,,,,,,,,,,,,,,,,,,,,,,,,
,,,,,,,,,,,,,,,,,,,,,,,,,
,,,,,,,,,,,,,,,,,,,,,,,,,
,,,,,,,,,,,,,,,,,,,,,,,,,
,,,,,,,,,,,,,,,,,,,,,,,,,
,,,,,,,,,,,,,,,,,,,,,,,,,
,,,,,,,,,,,,,,,,,,,,,,,,,
,,,,,,,,,,,,,,,,,,,,,,,,,
,,,,,,,,,,,,,,,,,,,,,,,,,
,,,,,,,,,,,,,,,,,,,,,,,,,
,,,,,,,,,,,,,,,,,,,,,,,,,
,,,,,,,,,,,,,,,,,,,,,,,,,
,,,,,,,,,,,,,,,,,,,,,,,,,
,,,,,,,,,,,,,,,,,,,,,,,,,
,,,,,,,,,,,,,,,,,,,,,,,,,
,,,,,,,,,,,,,,,,,,,,,,,,,
,,,,,,,,,,,,,,,,,,,,,,,,,
,,,,,,,,,,,,,,,,,,,,,,,,,
,,,,,,,,,,,,,,,,,,,,,,,,,
,,,,,,,,,,,,,,,,,,,,,,,,,
,,,,,,,,,,,,,,,,,,,,,,,,,
,,,,,,,,,,,,,,,,,,,,,,,,,
